,Nikkiso,Osram 4.7 mW,Osram 42 mW,CIS,Stanely
Wavelength(nm),Intensity,Intensity,Intensity,Intensity,Intensity
,,,,,
195.34,1.43874E-07,2.47711E-08,4.04643E-07,2.7108E-08,9.1918E-09
195.91,1.66716E-07,2.32652E-08,3.46424E-07,2.41432E-08,8.92565E-09
196.47,1.33854E-07,2.10812E-08,3.27591E-07,2.60415E-08,7.44043E-09
197.04,1.18604E-07,1.9518E-08,3.40561E-07,2.2836E-08,7.93731E-09
197.61,1.22976E-07,1.80513E-08,3.1281E-07,2.08142E-08,6.0171E-09
198.18,1.21145E-07,1.60223E-08,3.06195E-07,1.93312E-08,7.31451E-09
198.74,9.24155E-08,1.58513E-08,2.60617E-07,1.83281E-08,8.47607E-09
199.31,1.13965E-07,8.30143E-09,2.6704E-07,2.72537E-08,7.51827E-09
199.88,9.53845E-08,1.3719E-08,2.52248E-07,1.59558E-08,7.456E-09
200.45,8.91014E-08,1.50477E-08,2.42971E-07,1.84547E-08,3.69093E-09
201.02,8.93255E-08,1.43541E-08,2.39889E-07,1.6927E-08,7.67357E-09
201.58,7.93496E-08,1.31463E-08,2.30036E-07,1.37907E-08,3.52286E-09
202.15,8.69083E-08,1.4247E-08,2.17574E-07,1.54752E-08,4.66713E-09
202.72,8.13702E-08,1.30593E-08,2.04502E-07,1.38829E-08,4.62762E-09
203.29,8.01197E-08,2.08335E-08,1.81727E-07,1.49458E-08,5.28386E-09
203.85,7.99581E-08,1.16307E-08,1.86044E-07,1.34786E-08,5.28999E-09
204.42,7.20243E-08,1.33025E-08,1.89041E-07,1.27788E-08,5.51652E-09
204.99,7.70793E-08,6.15762E-09,1.72773E-07,1.29209E-08,4.77804E-09
205.56,6.70646E-08,1.15087E-08,1.72127E-07,1.23865E-08,4.61647E-09
206.13,6.94452E-08,1.12344E-08,1.18829E-07,1.1612E-08,5.41265E-09
206.69,6.92586E-08,1.03033E-08,1.6031E-07,8.66208E-09,4.37663E-09
207.26,6.91355E-08,8.73491E-09,1.63941E-07,1.20877E-08,4.35275E-09
207.83,6.5189E-08,8.41057E-09,1.53177E-07,1.21009E-08,2.23138E-09
208.40,7.01612E-08,1.01474E-08,1.45683E-07,1.02305E-08,5.82225E-09
208.97,6.44195E-08,8.8261E-09,1.56386E-07,1.13363E-08,4.37257E-09
209.53,6.82985E-08,8.97501E-09,1.46807E-07,1.00772E-08,3.93641E-09
210.10,6.49592E-08,7.3579E-09,1.51089E-07,1.19566E-08,4.3943E-09
210.67,7.00124E-08,8.34648E-09,1.40949E-07,9.83693E-09,5.56432E-09
211.24,6.47474E-08,9.94984E-09,1.32043E-07,1.05309E-08,4.35759E-09
211.81,6.7925E-08,8.49529E-09,1.27769E-07,9.4864E-09,7.92893E-09
212.38,7.797E-08,8.95907E-09,1.31264E-07,1.02685E-08,5.23761E-09
212.94,6.56454E-08,7.26803E-09,1.28627E-07,9.69071E-09,4.0378E-09
213.51,6.62196E-08,8.70755E-09,1.22957E-07,1.08681E-08,4.40833E-09
214.08,6.65778E-08,7.43006E-09,1.29252E-07,9.99216E-09,5.46579E-09
214.65,6.24406E-08,8.24669E-09,1.30645E-07,1.03708E-08,4.99799E-09
215.22,6.3463E-08,7.50984E-09,1.21578E-07,9.58573E-09,4.96585E-09
215.78,6.9255E-08,7.88506E-09,1.20143E-07,1.05134E-08,4.69918E-09
216.35,6.44513E-08,7.12625E-09,1.22149E-07,1.05141E-08,6.85366E-09
216.92,7.1335E-08,7.37762E-09,1.25309E-07,1.00084E-08,5.45219E-09
217.49,7.30438E-08,7.00574E-09,1.23173E-07,9.5278E-09,6.3145E-09
218.06,5.52755E-08,7.29729E-09,1.22044E-07,1.01504E-08,4.49908E-09
218.63,6.67561E-08,7.70272E-09,1.23044E-07,8.61842E-09,5.31469E-09
219.20,6.72442E-08,6.77042E-09,1.24348E-07,1.10019E-08,4.47835E-09
219.76,8.42103E-08,8.04173E-09,1.21969E-07,1.02727E-08,5.01527E-09
220.33,7.39915E-08,8.66767E-09,1.27334E-07,1.09621E-08,5.13262E-09
220.90,7.1919E-08,8.91964E-09,1.26815E-07,1.05733E-08,4.30949E-09
221.47,7.12808E-08,7.33886E-09,1.28584E-07,1.03926E-08,5.02392E-09
222.04,7.54124E-08,7.73885E-09,1.32391E-07,9.67357E-09,5.28822E-09
222.61,7.48049E-08,7.14179E-09,1.35712E-07,1.1046E-08,5.77692E-09
223.17,6.81156E-08,6.64679E-09,1.28122E-07,1.36212E-08,5.67942E-09
223.74,7.53925E-08,7.54339E-09,1.28656E-07,1.2005E-08,5.33557E-09
224.31,7.72405E-08,8.32556E-09,1.34698E-07,1.11762E-08,4.88674E-09
224.88,7.69753E-08,7.7818E-09,1.35929E-07,1.19173E-08,5.06928E-09
225.45,7.81008E-08,9.00312E-09,1.29231E-07,1.14069E-08,5.09886E-09
226.02,7.92577E-08,8.71112E-09,1.3689E-07,1.15004E-08,5.49272E-09
226.59,7.62507E-08,8.08398E-09,1.34874E-07,1.23786E-08,5.05249E-09
227.16,7.41417E-08,9.08694E-09,1.30936E-07,1.21435E-08,5.7826E-09
227.72,7.44269E-08,8.43644E-09,1.40192E-07,1.20463E-08,5.13757E-09
228.29,7.77366E-08,7.99265E-09,1.42474E-07,1.14124E-08,4.63918E-09
228.86,7.59755E-08,7.2045E-09,1.41607E-07,1.25397E-08,5.19243E-09
229.43,7.74284E-08,8.04447E-09,1.45996E-07,1.21239E-08,6.17632E-09
230.00,7.66017E-08,8.0461E-09,1.28355E-07,1.21627E-08,5.23932E-09
230.57,7.30753E-08,9.37753E-09,1.45396E-07,1.28941E-08,4.98181E-09
231.14,7.48233E-08,9.21462E-09,1.47329E-07,1.26208E-08,4.685E-09
231.71,7.23937E-08,8.42249E-09,1.50045E-07,1.22477E-08,5.84895E-09
232.27,7.27098E-08,8.97338E-09,1.48829E-07,1.17582E-08,4.74455E-09
232.84,7.02036E-08,9.04939E-09,1.49435E-07,1.23798E-08,4.05933E-09
233.41,6.83824E-08,9.12925E-09,1.52545E-07,1.20295E-08,4.61406E-09
233.98,6.94118E-08,9.60272E-09,1.53743E-07,1.22216E-08,4.3972E-09
234.55,6.48708E-08,9.46288E-09,1.55648E-07,1.17175E-08,4.63617E-09
235.12,6.55532E-08,9.25855E-09,1.54046E-07,1.10978E-08,4.44743E-09
235.69,6.8126E-08,9.77703E-09,1.54515E-07,1.17386E-08,4.45432E-09
236.26,6.98313E-08,9.12522E-09,1.54035E-07,1.21067E-08,2.99155E-09
236.83,6.52447E-08,9.47811E-09,1.58988E-07,1.17884E-08,3.81099E-09
237.40,6.27965E-08,9.51192E-09,1.56915E-07,1.13736E-08,3.89785E-09
237.96,6.18345E-08,9.81676E-09,1.53561E-07,1.15861E-08,4.05227E-09
238.53,5.9012E-08,9.61708E-09,1.55464E-07,1.08751E-08,3.54117E-09
239.10,5.93487E-08,9.53168E-09,1.56143E-07,1.13394E-08,3.68851E-09
239.67,5.76115E-08,9.473E-09,1.48873E-07,1.06001E-08,3.9359E-09
240.24,5.82812E-08,9.99956E-09,1.50013E-07,1.11574E-08,3.26301E-09
240.81,5.65318E-08,9.92694E-09,1.47889E-07,1.06249E-08,3.7226E-09
241.38,5.66273E-08,9.28201E-09,1.50729E-07,1.06298E-08,4.08578E-09
241.95,5.00155E-08,9.35804E-09,1.48474E-07,9.90851E-09,3.66982E-09
242.52,5.38772E-08,9.47812E-09,1.45477E-07,8.73764E-09,3.52139E-09
243.09,5.58184E-08,9.30817E-09,1.4605E-07,9.77114E-09,3.70377E-09
243.66,5.25286E-08,1.00293E-08,1.46109E-07,9.93287E-09,3.53597E-09
244.23,5.49032E-08,9.22708E-09,1.44972E-07,1.00616E-08,3.46512E-09
244.80,5.33842E-08,8.36654E-09,1.45122E-07,1.03755E-08,3.37183E-09
245.37,5.15374E-08,9.68028E-09,1.46732E-07,9.82091E-09,3.35958E-09
245.93,5.36569E-08,8.90896E-09,1.46083E-07,9.76961E-09,3.28755E-09
246.50,5.33124E-08,8.9211E-09,1.45606E-07,9.47577E-09,3.5746E-09
247.07,4.40989E-08,9.1004E-09,1.38813E-07,1.06861E-08,3.64629E-09
247.64,5.1111E-08,9.55999E-09,1.3952E-07,9.90305E-09,3.56784E-09
248.21,5.14442E-08,8.90519E-09,1.42427E-07,1.00895E-08,3.78072E-09
248.78,5.10081E-08,9.17197E-09,1.43031E-07,9.85306E-09,3.69301E-09
249.35,5.17104E-08,9.31026E-09,1.41056E-07,1.00578E-08,4.51544E-09
249.92,5.35107E-08,8.93087E-09,1.41391E-07,9.85788E-09,4.64255E-09
250.49,5.1897E-08,9.14341E-09,1.42384E-07,1.0069E-08,5.1775E-09
251.06,5.49606E-08,8.9022E-09,1.40637E-07,9.39801E-09,6.49072E-09
251.63,5.87023E-08,9.67632E-09,1.41652E-07,9.92443E-09,7.20273E-09
252.20,6.33249E-08,8.94517E-09,1.41504E-07,1.03872E-08,8.32178E-09
252.77,6.63589E-08,9.15641E-09,1.44488E-07,1.06449E-08,1.08554E-08
253.34,8.04983E-08,9.25516E-09,1.4387E-07,1.0587E-08,1.35893E-08
253.91,9.81574E-08,9.32871E-09,1.4381E-07,1.15197E-08,1.7257E-08
254.48,1.28543E-07,9.71392E-09,1.45068E-07,1.40388E-08,2.32621E-08
255.05,1.69858E-07,9.91836E-09,1.53118E-07,1.271E-08,3.00047E-08
255.62,2.32122E-07,9.91587E-09,1.56611E-07,1.48056E-08,3.95573E-08
256.19,3.19668E-07,1.06508E-08,1.64191E-07,1.65122E-08,5.15283E-08
256.76,4.32954E-07,1.10999E-08,1.70555E-07,1.91101E-08,6.54396E-08
257.33,5.79274E-07,1.20231E-08,1.89078E-07,2.30807E-08,8.32651E-08
257.90,7.61737E-07,1.33541E-08,1.91719E-07,2.76786E-08,1.0366E-07
258.47,9.74137E-07,1.39823E-08,2.15627E-07,3.36318E-08,1.26491E-07
259.04,1.22976E-06,1.52078E-08,2.26949E-07,4.14949E-08,1.52996E-07
259.61,1.50166E-06,1.74244E-08,2.53169E-07,5.25547E-08,1.79294E-07
260.18,1.81078E-06,1.88638E-08,2.74656E-07,6.46558E-08,2.06119E-07
260.75,2.13088E-06,2.14107E-08,3.0668E-07,8.01359E-08,2.33777E-07
261.32,2.45554E-06,2.41915E-08,3.43531E-07,9.90825E-08,2.58552E-07
261.89,2.78248E-06,2.80795E-08,3.70964E-07,1.19458E-07,2.81981E-07
262.46,3.10237E-06,2.97333E-08,4.24574E-07,1.45228E-07,2.97607E-07
263.03,3.42147E-06,3.24927E-08,4.74864E-07,1.7327E-07,3.07949E-07
263.60,3.68638E-06,3.56403E-08,5.32824E-07,2.04674E-07,3.13324E-07
264.17,3.93995E-06,3.89977E-08,6.17671E-07,2.43977E-07,3.1418E-07
264.74,4.16245E-06,4.2947E-08,6.95303E-07,2.83721E-07,3.08909E-07
265.31,4.33474E-06,4.8656E-08,8.38063E-07,3.27829E-07,2.95653E-07
265.88,4.474E-06,5.39761E-08,9.99559E-07,3.7852E-07,2.82305E-07
266.45,4.54126E-06,6.0885E-08,1.19917E-06,4.30432E-07,2.65042E-07
267.02,4.56728E-06,6.92846E-08,1.45616E-06,4.88565E-07,2.43774E-07
267.59,4.53268E-06,8.18271E-08,1.78209E-06,5.44565E-07,2.23241E-07
268.16,4.43469E-06,9.76794E-08,2.18443E-06,6.002E-07,2.01068E-07
268.73,4.28152E-06,1.15529E-07,2.68776E-06,6.54586E-07,1.79641E-07
269.30,4.08732E-06,1.40171E-07,3.27787E-06,7.04442E-07,1.59787E-07
269.87,3.85088E-06,1.70315E-07,3.96469E-06,7.49733E-07,1.41119E-07
270.44,3.58742E-06,2.04122E-07,4.79072E-06,7.85789E-07,1.24251E-07
271.01,3.29929E-06,2.49808E-07,5.69872E-06,8.11136E-07,1.08919E-07
271.58,3.01433E-06,2.98773E-07,6.70279E-06,8.28125E-07,9.51753E-08
272.15,2.70991E-06,3.53637E-07,7.75076E-06,8.28975E-07,8.23738E-08
272.72,2.43257E-06,4.1803E-07,8.8682E-06,8.22266E-07,7.13937E-08
273.29,2.15838E-06,4.82473E-07,9.93929E-06,8.03496E-07,6.31106E-08
273.87,1.9152E-06,5.4971E-07,1.09427E-05,7.73034E-07,5.47817E-08
274.44,1.68477E-06,6.1794E-07,1.18697E-05,7.33562E-07,4.74695E-08
275.01,1.47511E-06,6.82441E-07,1.2635E-05,6.89624E-07,4.18773E-08
275.58,1.28694E-06,7.43374E-07,1.32181E-05,6.40529E-07,3.6225E-08
276.15,1.12713E-06,7.90501E-07,1.35754E-05,5.90766E-07,3.31579E-08
276.72,9.75113E-07,8.27748E-07,1.36437E-05,5.39264E-07,2.83877E-08
277.29,8.51137E-07,8.49867E-07,1.35286E-05,4.91612E-07,2.52813E-08
277.86,7.44568E-07,8.56824E-07,1.31941E-05,4.4574E-07,2.26191E-08
278.43,6.41664E-07,8.54005E-07,1.26604E-05,4.0649E-07,2.05267E-08
279.00,5.68182E-07,8.32729E-07,1.19852E-05,3.66584E-07,1.82846E-08
279.57,4.95005E-07,7.98731E-07,1.12156E-05,3.32559E-07,1.68802E-08
280.14,4.32376E-07,7.58515E-07,1.03633E-05,3.01936E-07,1.54967E-08
280.71,3.77292E-07,7.06622E-07,9.45014E-06,2.71631E-07,1.37215E-08
281.29,3.3312E-07,6.52878E-07,8.56449E-06,2.46346E-07,1.31311E-08
281.86,2.95321E-07,5.97549E-07,7.68153E-06,2.23688E-07,1.15426E-08
282.43,2.59007E-07,5.3993E-07,6.8486E-06,2.00353E-07,1.13491E-08
283.00,2.30208E-07,4.87758E-07,6.0807E-06,1.79644E-07,1.07997E-08
283.57,2.00129E-07,4.37306E-07,5.39721E-06,1.61739E-07,9.56295E-09
284.14,1.75164E-07,3.92133E-07,4.7704E-06,1.44058E-07,9.52692E-09
284.71,1.56197E-07,3.46918E-07,4.22107E-06,1.29786E-07,8.71118E-09
285.28,1.4249E-07,3.10001E-07,3.69807E-06,1.14444E-07,7.93755E-09
285.85,1.24017E-07,2.77922E-07,3.28489E-06,1.04868E-07,7.41262E-09
286.42,1.12524E-07,2.46653E-07,2.88662E-06,9.30168E-08,7.19384E-09
287.00,1.01387E-07,2.18191E-07,2.54405E-06,8.32496E-08,7.08472E-09
287.57,9.11479E-08,1.92786E-07,2.26201E-06,7.52925E-08,6.66422E-09
288.14,8.41451E-08,1.7426E-07,1.99199E-06,6.66067E-08,6.79644E-09
288.71,7.35395E-08,1.54112E-07,1.75946E-06,6.03751E-08,6.019E-09
289.28,6.7237E-08,1.36865E-07,1.56412E-06,5.34894E-08,6.00432E-09
289.85,6.05524E-08,1.21905E-07,1.3988E-06,4.79005E-08,5.55368E-09
290.42,5.5858E-08,1.08103E-07,1.25097E-06,4.27357E-08,4.46236E-09
290.99,5.03386E-08,9.73701E-08,1.11052E-06,3.85631E-08,5.4262E-09
291.57,4.89997E-08,8.6003E-08,9.91133E-07,3.48878E-08,5.20257E-09
292.14,4.42472E-08,7.73161E-08,8.91929E-07,3.14082E-08,4.92411E-09
292.71,4.00714E-08,6.75731E-08,8.03887E-07,2.82681E-08,4.68507E-09
293.28,3.60883E-08,6.11112E-08,7.24242E-07,2.54276E-08,4.39435E-09
293.85,3.53934E-08,5.55761E-08,6.52691E-07,2.26864E-08,4.42661E-09
294.42,3.00068E-08,4.94682E-08,5.87859E-07,2.07398E-08,3.77486E-09
294.99,2.7523E-08,4.44009E-08,5.38004E-07,1.79739E-08,4.03776E-09
295.57,2.61102E-08,3.98355E-08,4.80181E-07,1.66522E-08,4.3685E-09
296.14,2.48205E-08,3.58548E-08,4.38224E-07,1.48231E-08,4.18198E-09
296.71,2.37887E-08,3.17783E-08,4.03671E-07,1.35005E-08,4.47883E-09
297.28,2.3477E-08,2.8472E-08,3.71044E-07,1.19146E-08,3.99979E-09
297.85,2.07266E-08,2.61753E-08,3.3573E-07,1.11488E-08,3.90593E-09
298.42,2.14523E-08,2.33087E-08,3.10042E-07,9.93553E-09,3.74504E-09
299.00,1.73373E-08,2.11623E-08,2.87009E-07,9.63249E-09,3.57222E-09
299.57,1.80044E-08,1.9218E-08,2.59845E-07,8.42604E-09,3.52815E-09
300.14,1.7008E-08,1.69554E-08,2.45644E-07,8.38477E-09,2.64348E-09
300.71,1.6355E-08,1.53361E-08,2.26449E-07,7.1541E-09,3.41259E-09
301.28,1.61886E-08,1.43773E-08,2.13972E-07,7.15798E-09,3.84486E-09
301.86,1.47273E-08,1.34328E-08,2.00606E-07,6.12618E-09,3.33785E-09
302.43,1.11841E-08,1.20619E-08,1.84961E-07,5.71675E-09,3.1084E-09
303.00,1.50065E-08,1.10391E-08,1.73378E-07,5.44891E-09,3.17517E-09
303.57,1.31831E-08,9.81233E-09,1.627E-07,4.90616E-09,3.16354E-09
304.14,1.2898E-08,9.55857E-09,1.56142E-07,4.50876E-09,3.13943E-09
304.72,1.11061E-08,8.69389E-09,1.4375E-07,4.29698E-09,2.82468E-09
305.29,1.12253E-08,8.24438E-09,1.38723E-07,3.96288E-09,3.02692E-09
305.86,5.63447E-09,6.84844E-09,1.31275E-07,4.60533E-09,3.00405E-09
306.43,9.98397E-09,7.0164E-09,1.23287E-07,3.25054E-09,3.03912E-09
307.00,1.02867E-08,6.39312E-09,1.17185E-07,3.28563E-09,2.91616E-09
307.58,1.00435E-08,6.23116E-09,1.07895E-07,2.82875E-09,2.94085E-09
308.15,1.09095E-08,5.81369E-09,1.0496E-07,2.82775E-09,2.72888E-09
308.72,9.48162E-09,5.57351E-09,1.02273E-07,2.33218E-09,2.52982E-09
309.29,9.47495E-09,5.21408E-09,9.49663E-08,2.60704E-09,2.72554E-09
309.86,9.15168E-09,4.2626E-09,9.4495E-08,2.28918E-09,2.48652E-09
310.44,8.60486E-09,4.64049E-09,8.54806E-08,2.19189E-09,1.98784E-09
311.01,9.71692E-09,4.66352E-09,8.40933E-08,2.37128E-09,2.50302E-09
311.58,9.39326E-09,3.83045E-09,8.15264E-08,1.83625E-09,2.43516E-09
312.15,9.40926E-09,4.45009E-09,7.87674E-08,2.01738E-09,1.76685E-09
312.73,9.25184E-09,3.91639E-09,7.87736E-08,1.97797E-09,2.2417E-09
313.30,8.07218E-09,3.50382E-09,7.17177E-08,2.49425E-09,2.30949E-09
313.87,8.55404E-09,3.42746E-09,6.76865E-08,1.88213E-09,1.95477E-09
314.44,7.4397E-09,3.38534E-09,6.44723E-08,1.64317E-09,2.12491E-09
315.02,8.3985E-09,3.09171E-09,6.15062E-08,1.84313E-09,1.9158E-09
315.59,7.68409E-09,3.56674E-09,5.89882E-08,1.66448E-09,2.14004E-09
316.16,7.99283E-09,3.50373E-09,5.57643E-08,1.38566E-09,2.0323E-09
316.73,9.35056E-09,2.95339E-09,5.16142E-08,1.40732E-09,2.20678E-09
317.31,8.07782E-09,2.95161E-09,5.07916E-08,1.58476E-09,1.96774E-09
317.88,8.22988E-09,2.69201E-09,4.8907E-08,1.44498E-09,2.11138E-09
318.45,9.41347E-09,3.06699E-09,4.75715E-08,1.42467E-09,1.9919E-09
319.02,4.58599E-09,2.82826E-09,4.68912E-08,1.52291E-09,3.1513E-09
319.60,7.58601E-09,2.58936E-09,4.27821E-08,1.66035E-09,1.83166E-09
320.17,6.63485E-09,2.48943E-09,4.11844E-08,1.73865E-09,2.12063E-09
320.74,7.26047E-09,2.60573E-09,3.51015E-08,1.55949E-09,1.72399E-09
321.31,8.82802E-09,2.4251E-09,3.88664E-08,1.26184E-09,1.62987E-09
321.89,7.01796E-09,2.14994E-09,3.87508E-08,1.16373E-09,1.73573E-09
322.46,6.14505E-09,2.24654E-09,3.491E-08,1.35975E-09,1.52397E-09
323.03,6.6955E-09,2.10827E-09,3.39861E-08,1.47776E-09,1.83899E-09
323.61,5.89954E-09,1.98727E-09,3.13179E-08,1.18056E-09,1.69213E-09
324.18,7.94504E-09,1.98735E-09,2.96156E-08,1.65285E-09,1.74467E-09
324.75,1.11656E-08,2.02586E-09,3.1306E-08,1.10144E-09,1.54726E-09
325.32,7.70267E-09,1.96605E-09,2.73652E-08,8.454E-10,1.38934E-09
325.90,6.21076E-09,2.12383E-09,2.92051E-08,1.16024E-09,1.44211E-09
326.47,5.81479E-09,1.88691E-09,2.70963E-08,1.06139E-09,1.02208E-09
327.04,6.52956E-09,2.06621E-09,2.68656E-08,1.16101E-09,1.45618E-09
327.62,5.19539E-09,1.08297E-09,2.64888E-08,1.29956E-09,1.24705E-09
328.19,5.51608E-09,1.89227E-09,2.50728E-08,1.22209E-09,1.37978E-09
328.76,5.59359E-09,1.57652E-09,2.36234E-08,9.85327E-10,1.22181E-09
329.34,4.80685E-09,1.69515E-09,2.31036E-08,1.24179E-09,9.06706E-10
329.91,6.14373E-09,1.63529E-09,2.23061E-08,1.30035E-09,1.30035E-09
330.48,6.22404E-09,1.47804E-09,2.16554E-08,1.14301E-09,1.26126E-09
331.06,5.98625E-09,1.57619E-09,1.92884E-08,1.24125E-09,1.27409E-09
331.63,5.1919E-09,1.69223E-09,1.97877E-08,9.83854E-10,1.20686E-09
332.20,6.76735E-09,1.43688E-09,2.18914E-08,5.51133E-10,1.16788E-09
332.78,6.22035E-09,1.2802E-09,2.07244E-08,9.84773E-10,1.07668E-09
333.35,5.58651E-09,1.31867E-09,2.01855E-08,1.00376E-09,1.12841E-09
333.92,5.65724E-09,1.35612E-09,1.87174E-08,1.04166E-09,9.17185E-10
334.50,5.10275E-09,1.43348E-09,2.04011E-08,1.11929E-09,8.11652E-10
335.07,6.19479E-09,1.25533E-09,1.95942E-08,9.41497E-10,8.89191E-10
335.64,5.87689E-09,1.84244E-09,1.87969E-08,1.13682E-09,1.16296E-09
336.22,5.32524E-09,1.39081E-09,1.53939E-08,9.01087E-10,9.53324E-10
336.79,4.69474E-09,1.11561E-09,1.89002E-08,1.01775E-09,8.48127E-10
337.36,5.62861E-09,1.36882E-09,1.75808E-08,1.91634E-09,1.16023E-09
337.94,5.85769E-09,9.76818E-10,1.67839E-08,1.03543E-09,8.46576E-10
338.51,5.4608E-09,1.28789E-09,1.63744E-08,7.22002E-10,9.62669E-10
339.08,5.37788E-09,1.24773E-09,1.45418E-08,1.09176E-09,5.84873E-10
339.66,5.21964E-09,9.74347E-10,1.7001E-08,7.0153E-10,6.75548E-10
340.23,5.60524E-09,1.22682E-09,1.71188E-08,6.03673E-10,8.30862E-10
340.81,5.75184E-09,-1.74983E-10,1.34662E-08,6.22162E-10,9.46205E-10
341.38,4.9643E-09,1.37757E-09,1.65396E-08,1.00893E-09,5.30334E-10
341.95,5.81366E-09,9.69475E-10,1.35586E-08,8.91917E-10,6.59243E-10
342.53,3.7965E-09,1.12407E-09,1.41977E-08,8.13981E-10,8.65663E-10
343.10,4.6448E-09,7.74558E-10,1.45724E-08,9.10105E-10,1.36839E-09
343.68,4.56377E-09,9.6743E-10,1.22414E-08,7.35247E-10,7.61045E-10
344.25,4.48551E-09,7.73788E-10,1.19813E-08,7.35099E-10,8.38271E-10
344.82,4.40726E-09,4.25496E-10,1.80326E-08,7.73629E-10,6.70478E-10
345.40,6.41234E-09,7.1502E-10,1.46717E-08,6.18396E-10,5.79746E-10
345.97,4.39913E-09,1.00386E-09,1.31138E-08,7.52896E-10,6.69241E-10
346.55,3.23893E-09,3.08638E-10,1.31035E-08,8.29466E-10,8.23036E-10
347.12,5.24096E-09,8.86826E-10,1.33528E-08,7.51874E-10,8.86826E-10
347.69,4.08421E-09,9.05959E-10,1.8999E-08,9.25235E-10,6.55375E-10
348.27,5.32051E-09,1.04154E-09,1.13038E-08,6.36497E-10,9.12955E-10
348.84,2.77537E-09,1.17632E-09,1.16869E-08,6.17089E-10,6.55657E-10
349.42,4.93785E-09,8.49159E-10,1.40095E-08,4.0528E-10,2.18723E-10
349.99,5.09159E-09,1.00344E-09,1.20802E-08,4.82422E-10,5.14584E-10
350.56,5.40303E-09,6.17828E-10,1.09294E-08,6.17828E-10,5.14857E-10
351.14,4.02276E-09,8.12735E-10,1.12119E-08,6.77279E-10,5.03122E-10
351.71,5.3413E-09,1.54905E-09,1.34112E-08,6.97074E-10,8.00344E-10
352.29,4.95538E-09,7.55336E-10,1.12216E-08,7.74704E-10,4.64822E-10
352.86,4.5795E-09,9.90181E-10,1.2025E-08,6.60121E-10,5.17742E-10
353.44,4.74123E-09,9.52654E-10,1.04878E-08,5.83258E-10,8.94328E-10
354.01,1.55855E-10,8.77166E-10,1.06449E-08,4.09344E-10,5.32797E-10
354.59,4.99058E-09,9.16743E-10,1.13013E-08,6.24165E-10,4.94131E-10
355.16,5.15564E-09,1.05514E-09,1.05405E-08,7.22967E-10,6.90401E-10
355.73,5.79819E-09,8.81966E-10,9.26737E-09,5.48779E-10,4.96514E-10
356.31,6.2847E-09,8.0567E-10,1.19089E-08,6.28815E-10,6.55016E-10
356.88,5.42827E-09,1.02328E-09,1.10085E-08,6.2971E-10,3.54212E-10
357.46,5.91973E-09,1.06614E-09,1.19652E-08,6.71271E-10,4.47514E-10
358.03,5.94129E-09,9.31312E-10,1.18768E-08,8.91682E-10,1.0436E-09
358.61,5.71329E-09,8.33646E-10,1.25578E-08,6.94705E-10,4.49904E-10
359.18,4.61642E-09,6.57006E-10,1.19332E-08,5.97278E-10,1.43347E-09
359.76,8.85237E-09,7.38103E-10,9.69832E-09,4.38872E-10,3.72376E-10
360.33,4.87175E-09,5.5936E-10,7.84954E-09,6.59246E-10,5.99314E-10
360.91,5.74325E-09,4.78867E-10,9.16877E-09,8.18064E-10,4.25659E-10
361.48,3.10759E-09,5.97942E-10,1.12828E-08,1.23575E-09,3.8534E-10
362.06,5.0204E-09,7.57461E-10,1.0089E-08,5.58129E-10,4.65107E-10
362.63,7.00645E-09,1.99156E-10,1.14065E-08,7.76708E-10,6.90407E-10
363.21,5.57193E-09,4.38035E-10,9.54723E-09,4.57946E-10,4.24761E-10
363.78,6.67583E-09,2.78312E-10,9.79704E-09,3.97589E-10,3.31324E-10
364.36,5.8519E-09,8.30793E-10,1.7916E-08,5.93424E-10,4.2199E-10
364.93,3.46388E-09,-2.55996E-10,8.13092E-09,1.2209E-09,5.51375E-10
365.51,6.42258E-09,5.4857E-10,9.13337E-09,5.4857E-10,1.43673E-10
366.08,6.21844E-09,6.02742E-10,8.54619E-09,7.38845E-10,4.1479E-10
366.66,6.94303E-09,7.52575E-10,1.0281E-08,3.47342E-10,1.80103E-10
367.23,7.89921E-09,5.94684E-10,8.94296E-09,6.52234E-10,1.66256E-10
367.81,6.25778E-09,8.97186E-10,8.64474E-09,4.96315E-10,2.92699E-10
368.38,6.00047E-09,3.98984E-10,9.36325E-09,6.26975E-10,5.44645E-10
368.96,6.2108E-09,-8.14668E-10,1.18604E-08,3.97861E-10,2.5261E-10
369.53,7.86014E-09,5.10433E-10,8.81316E-09,5.67148E-10,2.52066E-10
370.11,8.00796E-09,5.66912E-10,9.18704E-09,3.02353E-10,2.89755E-10
370.68,7.49253E-09,1.74554E-09,7.34204E-09,4.77727E-10,5.63473E-10
371.26,7.19495E-09,2.43713E-10,7.11653E-09,7.31138E-10,-3.74942E-11
371.83,6.61993E-09,8.09547E-10,1.7522E-08,5.70362E-10,5.27432E-10
372.41,8.91682E-09,5.71432E-10,5.89254E-09,-9.21665E-10,1.106E-10
372.99,7.04527E-09,7.70999E-10,6.84623E-09,5.32357E-10,2.57E-10
373.56,8.24423E-09,9.12473E-10,7.41376E-09,1.82495E-11,1.1923E-09
374.14,8.55073E-09,7.97539E-10,7.7257E-09,3.26266E-10,4.59189E-10
374.71,8.11877E-09,7.18869E-10,5.62531E-09,6.82926E-10,4.91227E-10
375.29,8.64833E-09,4.68708E-10,6.24297E-09,2.70409E-10,2.76418E-10
375.86,7.73653E-09,3.94206E-10,7.87596E-09,3.76288E-10,4.18098E-10
376.44,8.74431E-09,4.09003E-10,6.75044E-09,4.26786E-10,4.62351E-10
377.01,8.76726E-09,7.71943E-10,6.42619E-09,4.38604E-10,5.02932E-10
377.59,9.50309E-09,5.03177E-10,8.43537E-09,4.51124E-10,9.13815E-10
378.17,6.95977E-09,2.43726E-10,8.92735E-09,4.00406E-10,3.48179E-10
378.74,7.50033E-09,6.54058E-10,6.41917E-09,2.92605E-10,4.01614E-10
379.32,8.13558E-09,5.86359E-10,8.49914E-09,5.0013E-10,4.36895E-10
379.89,8.80553E-09,5.46379E-10,6.93638E-09,5.63454E-10,1.36595E-10
380.47,8.44821E-09,5.62387E-10,7.71771E-09,5.11261E-10,2.38588E-10
381.05,9.20335E-09,4.40108E-10,7.32753E-09,4.2318E-10,3.27259E-10
381.62,9.02694E-09,4.71815E-10,7.85544E-09,3.53861E-10,5.1675E-10
382.20,9.64733E-09,4.69225E-10,7.70071E-09,5.19499E-10,2.34613E-10
382.77,8.98027E-09,4.4926E-10,9.08671E-09,6.48931E-10,2.66228E-10
383.35,1.0219E-08,7.80125E-10,5.96923E-09,5.80944E-10,4.75821E-10
383.93,1.19151E-08,5.4339E-10,8.44399E-09,4.77525E-10,2.52484E-10
384.50,8.7345E-09,4.27108E-10,5.90768E-09,8.54216E-10,2.40933E-10
385.08,9.90863E-09,1.79366E-10,6.08128E-09,3.58733E-10,3.69603E-10
385.65,1.0095E-08,3.72297E-10,6.25242E-09,7.28407E-10,3.99275E-10
386.23,9.64837E-09,5.34515E-10,4.74632E-09,2.42961E-10,5.61511E-10
386.81,9.70145E-09,1.10889E-09,6.74276E-09,5.30337E-10,5.35694E-10
387.38,9.89284E-09,2.87369E-10,7.22995E-09,6.22633E-10,2.66082E-10
387.96,9.0915E-09,3.81671E-10,7.62551E-09,4.2938E-10,3.81671E-10
388.54,9.78408E-09,3.94736E-10,8.202E-09,4.10525E-10,4.63157E-10
389.11,8.10135E-09,7.2261E-10,6.48629E-09,1.31955E-09,3.45596E-10
389.69,1.01243E-08,3.12651E-10,5.93421E-09,3.75181E-10,4.06446E-10
390.27,1.04679E-08,6.70187E-10,6.43543E-09,3.58472E-10,3.63667E-10
390.84,1.06214E-08,4.78841E-10,6.1722E-09,4.47948E-10,3.0893E-10
391.42,1.06696E-08,4.31955E-10,6.26713E-09,5.39943E-10,3.49677E-10
391.99,1.06966E-08,1.9876E-10,7.2294E-09,4.73966E-10,4.38291E-10
392.57,1.1019E-08,4.5684E-10,7.80894E-09,5.3298E-10,3.65472E-10
393.15,9.94672E-09,6.52353E-10,5.4559E-09,5.15814E-10,8.69804E-10
393.72,1.05263E-08,2.11852E-10,7.15519E-09,3.17778E-10,5.04409E-10
394.30,1.08735E-08,5.86047E-10,8.1061E-09,6.31128E-10,3.90698E-10
394.88,1.01547E-08,6.57427E-10,7.56253E-09,6.12602E-10,3.9844E-10
395.45,1.02748E-08,5.19967E-10,5.83738E-09,2.82268E-10,4.85302E-10
396.03,1.06392E-08,3.69618E-10,9.05857E-09,4.13972E-10,2.95694E-10
396.61,1.01169E-08,3.23685E-10,6.46699E-09,-5.59092E-10,2.55024E-10
397.19,9.99294E-09,3.65439E-10,7.30122E-09,4.09292E-10,3.21587E-10
397.76,1.04204E-08,5.09657E-10,6.98234E-09,3.6404E-10,2.62109E-10
398.34,1.04787E-08,5.06846E-10,5.20788E-09,3.76514E-10,2.99281E-10
398.92,9.92271E-09,3.60761E-10,7.68827E-09,4.90635E-10,3.1747E-10
399.49,9.88419E-09,3.73735E-10,8.23281E-09,4.88731E-10,4.12067E-10
400.07,1.033E-08,-4.28273E-11,6.36991E-09,2.42688E-10,3.14067E-10
400.65,1.00441E-08,3.40666E-10,6.99532E-09,4.40026E-10,3.2174E-10
401.22,9.20091E-09,6.35381E-10,6.39424E-09,1.83554E-10,3.57696E-10
401.80,1.04735E-08,3.36234E-10,6.1579E-09,4.34302E-10,4.20292E-10
402.38,1.06621E-08,5.02678E-10,6.69543E-09,4.46824E-10,1.39633E-10
402.96,1.00893E-08,4.57597E-10,7.94193E-09,6.23996E-10,2.77331E-10
403.53,9.83121E-09,3.0394E-10,6.71656E-09,4.14464E-10,4.69726E-10
404.11,9.93972E-09,2.74729E-11,1.19841E-08,4.53302E-10,2.93044E-10
404.69,1.07015E-08,4.23379E-10,5.91207E-09,5.87268E-10,2.64043E-10
405.27,9.57082E-09,3.53662E-10,7.60944E-09,3.94469E-10,3.71798E-10
405.84,1.05788E-08,6.21035E-10,6.29383E-09,4.45525E-10,2.88016E-10
406.42,9.75515E-09,4.29033E-10,6.25025E-09,2.81553E-10,4.64786E-10
407.00,9.24155E-09,6.28022E-10,1.15686E-08,5.74574E-10,1.69254E-10
407.58,1.02456E-08,5.97548E-10,7.42845E-09,3.71807E-10,2.39019E-10
408.15,9.71296E-09,5.14964E-10,6.6832E-09,5.14964E-10,3.7852E-10
408.73,9.69529E-09,1.96634E-10,7.07149E-09,1.40266E-09,5.50575E-10
409.31,9.44661E-09,4.43869E-10,5.56435E-09,4.30814E-10,3.39429E-10
409.89,1.09588E-08,6.10599E-10,5.10468E-09,3.63761E-10,5.28319E-10
410.46,9.23427E-09,3.87123E-10,6.35943E-09,2.70986E-10,2.15068E-10
411.04,9.97235E-09,1.08007E-09,6.07982E-09,3.34308E-10,2.91448E-10
411.62,9.39648E-09,4.47089E-10,6.72065E-09,3.95993E-10,3.57671E-10
412.20,8.34651E-09,3.43719E-10,6.01944E-09,5.98325E-10,3.8191E-10
412.77,9.73374E-09,2.91665E-10,6.75625E-09,3.17027E-10,8.20044E-10
413.35,9.63104E-09,4.28842E-10,6.80396E-09,5.17133E-10,1.84991E-10
413.93,9.34984E-09,4.27512E-10,6.86661E-09,4.27512E-10,4.44277E-10
414.51,9.1349E-09,4.74476E-10,8.39868E-09,5.49393E-10,3.49614E-10
415.09,9.70094E-09,4.23094E-10,4.80667E-09,3.60874E-10,4.64573E-10
415.66,9.03428E-09,4.59412E-10,5.623E-09,7.07742E-10,3.89051E-10
416.24,9.55869E-09,4.08821E-10,6.93038E-09,4.33598E-10,4.54245E-10
416.82,8.62945E-09,2.96029E-10,6.07874E-09,2.59026E-10,3.45367E-10
417.40,8.62114E-09,4.31294E-10,5.3343E-09,5.54521E-10,9.03663E-11
417.98,9.09423E-09,4.9185E-11,5.7323E-09,4.9185E-10,2.6232E-10
418.55,8.46159E-09,3.91502E-10,6.35532E-09,3.3033E-10,2.36532E-10
419.13,9.92162E-09,1.94648E-10,5.67136E-09,4.01462E-10,2.352E-10
419.71,9.41278E-09,4.97598E-10,5.25372E-09,5.46144E-10,5.42099E-10
420.29,9.19766E-09,3.99591E-10,5.9675E-09,4.60135E-10,3.39047E-10
420.87,8.3388E-09,6.02845E-10,6.42369E-09,7.95755E-10,3.53669E-10
421.45,8.9419E-09,2.16455E-10,7.20769E-09,4.44935E-10,2.64556E-10
422.02,8.77087E-09,5.39489E-10,8.30351E-09,4.55568E-10,1.83826E-10
422.60,8.05168E-09,4.31577E-10,6.14759E-09,3.47659E-10,3.91616E-10
423.18,9.22623E-09,5.02221E-10,6.53007E-09,5.50051E-10,4.70334E-10
423.76,8.49889E-09,3.70239E-10,1.28058E-08,3.94125E-10,3.02561E-10
424.34,8.53913E-09,5.25039E-10,6.83433E-09,4.05712E-10,4.21622E-10
424.92,7.98703E-09,3.09192E-10,6.89021E-09,4.87572E-10,3.88472E-10
425.49,8.72698E-09,5.22008E-10,4.74061E-09,4.62689E-10,4.11279E-10
426.07,8.17826E-09,4.13867E-10,6.93002E-09,4.84816E-10,2.60145E-10
426.65,8.333E-09,6.35917E-10,7.05843E-09,3.41511E-10,4.39646E-10
427.23,7.91125E-09,5.88957E-10,6.98172E-09,4.24049E-10,2.98405E-10
427.81,8.03154E-09,3.40705E-10,6.3376E-09,3.17209E-10,2.66299E-10
428.39,8.01013E-09,1.75757E-10,9.98828E-09,5.62423E-10,2.57777E-10
428.97,7.77335E-09,5.15384E-10,7.33271E-09,3.27972E-10,2.96736E-10
429.55,8.26086E-09,3.73577E-10,5.75335E-09,3.96926E-10,3.11314E-10
430.12,7.92745E-09,1.23643E-09,7.22445E-09,2.44953E-10,3.88814E-10
430.70,6.89776E-09,5.12953E-10,6.52173E-09,5.01295E-10,5.67357E-10
431.28,7.6306E-09,6.05196E-10,1.43391E-08,3.6079E-10,2.48286E-10
431.86,7.60887E-09,5.80262E-10,6.26034E-09,-9.2842E-11,3.48157E-10
432.44,6.26586E-09,4.17954E-10,6.18549E-09,5.68881E-10,2.08977E-10
433.02,6.99935E-09,2.78272E-10,6.64073E-09,5.33355E-10,3.7876E-10
433.60,7.4532E-09,4.40027E-10,6.47789E-09,3.82128E-10,2.62472E-10
434.18,6.69151E-09,4.50193E-10,6.38074E-09,3.00129E-10,3.38607E-10
434.76,6.96495E-09,2.9998E-10,6.91545E-09,5.5381E-10,3.8459E-10
435.34,6.86487E-09,8.06719E-10,6.67732E-09,4.95556E-10,2.5354E-10
435.92,7.92E-09,4.26164E-10,5.6763E-09,4.03128E-10,3.68574E-10
436.49,7.02961E-09,5.17167E-10,7.19457E-09,3.56271E-10,4.36719E-10
437.07,6.6031E-09,3.5557E-10,6.34016E-09,4.7027E-10,2.7528E-10
437.65,1.10038E-08,3.2112E-10,6.33938E-09,6.53709E-10,2.44663E-10
438.23,6.08838E-09,4.12222E-10,7.09202E-09,4.35123E-10,4.12222E-10
438.81,6.27141E-09,4.23667E-10,5.64304E-09,3.32063E-10,2.82445E-10
439.39,6.778E-09,4.23858E-10,6.02704E-09,5.61325E-10,3.1312E-10
439.97,5.89695E-09,4.3451E-10,6.32052E-09,5.83158E-10,2.51559E-10
440.55,5.84256E-09,5.36623E-10,5.85492E-09,4.567E-10,2.20738E-10
441.13,6.69754E-09,4.67262E-10,6.07191E-09,4.44469E-10,3.19106E-10
441.71,5.14297E-09,2.95997E-10,7.88507E-09,3.87073E-10,3.03586E-10
442.29,6.26523E-09,3.40689E-10,6.88235E-09,5.33746E-10,3.86114E-10
442.87,5.94387E-09,3.74533E-10,7.25615E-09,3.17786E-10,4.99377E-10
443.45,8.1612E-09,4.30966E-10,6.79768E-09,6.4645E-10,2.41946E-10
444.03,5.61509E-09,3.85117E-10,6.11022E-09,5.32367E-10,2.56744E-10
444.61,6.23944E-09,4.29763E-10,6.70338E-09,4.9762E-10,3.31747E-10
445.19,8.39947E-09,4.29241E-10,8.12456E-09,7.0034E-10,3.08752E-10
445.77,5.99961E-09,5.52899E-10,5.41054E-09,5.41615E-10,3.46032E-10
446.35,5.77573E-09,3.16034E-10,7.21614E-09,5.30485E-10,2.18214E-10
446.93,5.80561E-09,4.72809E-10,5.17302E-09,4.39037E-10,2.25147E-10
447.51,5.84822E-09,4.05099E-10,6.07019E-09,4.5011E-10,2.25055E-10
448.09,5.93672E-09,6.07497E-10,8.09158E-09,2.81249E-10,3.07499E-10
448.67,5.43309E-09,2.9202E-10,6.58235E-09,-2.24631E-11,2.47094E-10
449.25,5.15988E-09,4.26485E-10,7.17546E-09,2.58135E-10,3.59145E-10
449.83,5.51749E-09,4.48823E-10,6.8001E-09,3.59058E-10,3.36617E-10
450.41,5.64515E-09,5.82755E-10,7.31421E-09,4.70687E-10,2.4655E-10
450.99,5.60141E-09,4.59568E-10,6.71842E-09,3.02642E-10,2.24179E-10
451.57,5.11086E-09,3.02783E-10,6.27344E-09,4.93424E-10,3.88758E-10
452.15,5.60169E-09,4.25962E-10,6.04687E-09,2.80238E-10,1.86825E-10
452.73,4.74797E-09,1.0756E-09,4.17857E-09,3.4733E-10,-1.04573E-10
453.31,5.72743E-09,3.80546E-10,7.00672E-09,4.81279E-10,8.95403E-11
453.89,4.52433E-09,4.25789E-10,6.93989E-09,4.14584E-10,2.0916E-10
454.47,4.92548E-09,5.60021E-11,6.86248E-09,5.15219E-10,2.38942E-10
455.05,5.23978E-09,3.24866E-10,5.29691E-09,6.04922E-10,4.929E-10
455.63,4.92076E-09,3.5807E-10,8.04823E-09,4.14019E-10,1.79035E-10
456.21,5.41541E-09,4.9258E-10,6.48638E-09,-4.58995E-10,2.08973E-10
456.79,4.96368E-09,4.25053E-10,6.10846E-09,4.25053E-10,3.35568E-10
457.37,5.14206E-09,3.69089E-10,6.92723E-09,3.13167E-10,-2.23691E-10
457.95,4.78008E-09,4.24633E-10,5.73033E-09,3.01713E-10,1.93692E-10
458.53,4.55349E-09,4.46665E-10,6.84178E-09,4.91332E-10,2.60555E-10
459.11,4.59562E-09,6.02669E-10,6.31775E-09,4.46422E-10,1.63688E-10
459.70,4.49327E-09,5.23018E-10,6.44758E-09,2.89329E-10,1.03862E-10
460.28,4.57996E-09,4.8939E-10,5.99993E-09,5.11635E-10,2.0762E-10
460.86,4.79684E-09,2.99967E-10,6.65903E-09,3.55516E-10,2.74044E-10
461.44,4.39193E-09,2.4413E-10,6.7251E-09,4.66067E-10,1.10968E-10
462.02,3.72529E-09,3.99357E-10,7.46172E-09,4.32637E-10,7.09968E-10
462.60,4.73697E-09,3.21139E-10,5.6049E-09,3.54361E-10,2.87918E-10
463.18,3.89075E-09,4.31315E-10,5.52395E-09,3.98136E-10,2.65424E-10
463.76,4.28351E-09,2.09875E-10,8.82767E-09,3.20335E-10,1.98829E-10
464.34,3.35059E-09,1.87472E-10,6.16914E-09,4.52137E-10,1.6174E-10
464.92,5.06538E-09,2.97479E-10,6.75055E-09,3.19515E-10,3.37878E-10
465.51,4.57837E-09,4.73505E-10,6.82021E-09,3.85411E-10,1.76188E-10
466.09,3.56434E-09,4.84311E-10,6.67071E-09,4.5129E-10,3.44888E-10
466.67,4.4402E-09,3.29899E-10,9.4473E-09,3.29899E-10,2.19932E-10
467.25,3.42553E-09,3.07588E-10,6.14539E-09,3.62515E-10,4.32088E-10
467.83,1.09777E-09,4.17382E-10,4.75469E-09,2.85577E-10,2.78255E-10
468.41,3.86148E-09,3.95141E-10,6.21336E-09,7.354E-10,2.12205E-10
468.99,4.33941E-09,4.16637E-10,5.5494E-09,4.05672E-10,1.46188E-10
469.57,5.43393E-09,3.50768E-10,6.64309E-09,2.63076E-10,1.16923E-10
470.16,3.50445E-09,4.38297E-10,4.37843E-09,3.72553E-10,2.70283E-10
470.74,3.32737E-09,1.06228E-09,6.12638E-09,2.62831E-10,2.77433E-10
471.32,4.46134E-09,2.73516E-10,6.70331E-09,3.71982E-10,1.89638E-10
471.90,3.584E-09,3.17052E-10,6.40729E-09,3.38918E-10,2.55099E-10
472.48,4.02178E-09,3.49912E-10,4.22372E-09,3.82716E-10,4.3739E-10
473.06,7.46884E-09,7.97551E-10,6.0391E-09,-5.35342E-10,1.60239E-10
473.65,2.88004E-09,4.03864E-10,5.81543E-09,4.69355E-10,1.81921E-10
474.23,4.14104E-09,3.27103E-10,5.22823E-09,2.61683E-10,3.4891E-10
474.81,4.05144E-09,2.5063E-10,6.09597E-09,4.57672E-10,1.01705E-10
475.39,3.04841E-09,4.1394E-10,6.23895E-09,4.03047E-10,3.19533E-10
475.97,3.48309E-09,4.02954E-10,6.31003E-09,3.15829E-10,7.98647E-11
476.55,3.04752E-09,2.94029E-10,4.20643E-09,4.46489E-10,2.0328E-10
477.14,3.26223E-09,5.98404E-10,5.43441E-09,4.35203E-10,3.33656E-10
477.72,2.95635E-09,3.91496E-10,5.21454E-09,2.82747E-10,2.46497E-10
478.30,3.73362E-09,3.04066E-10,5.20716E-09,2.38909E-10,3.76463E-10
478.88,2.82358E-09,1.41257E-10,5.35495E-09,2.82513E-10,2.3905E-10
479.46,3.43142E-09,3.15082E-10,5.13739E-09,4.6719E-10,5.79461E-11
480.05,3.04068E-09,3.04235E-10,3.61809E-09,4.23756E-10,1.88336E-10
480.63,3.03849E-09,4.12593E-10,6.00171E-09,-2.71443E-10,3.11254E-10
481.21,3.8174E-09,3.58078E-10,5.92565E-09,3.68928E-10,2.96589E-10
481.79,3.29706E-09,3.68952E-10,5.92603E-09,1.62773E-10,1.59156E-10
482.38,3.16469E-09,4.55445E-10,4.33308E-09,3.0363E-10,1.87961E-10
482.96,3.33727E-09,2.49349E-10,5.19841E-09,4.3365E-10,5.05925E-11
483.54,2.51289E-09,3.79309E-10,7.43396E-09,4.00983E-10,2.45647E-10
484.12,3.11551E-09,6.4942E-11,5.55039E-09,1.29884E-10,2.66984E-10
484.71,3.81059E-09,2.1663E-10,6.05935E-09,2.59956E-10,1.66083E-10
485.29,2.9848E-09,3.67895E-10,5.04431E-09,2.27229E-10,1.80341E-10
485.87,3.59154E-09,3.24715E-10,4.03671E-09,2.48948E-10,1.94829E-10
486.45,2.33576E-09,2.8131E-10,4.75571E-09,2.70491E-10,-1.00983E-10
487.04,2.46448E-09,2.92006E-10,5.11382E-09,2.92006E-10,2.23511E-10
487.62,3.02535E-09,2.48648E-10,4.10383E-09,4.64863E-10,2.45044E-10
488.20,3.02338E-09,2.70093E-10,2.73411E-09,3.45719E-10,2.95302E-10
488.78,3.02024E-09,1.2951E-10,5.17503E-09,4.96454E-10,1.36705E-10
489.37,1.90016E-09,3.45673E-10,5.39555E-09,3.13266E-10,1.8724E-10
489.95,2.67667E-09,1.61984E-10,4.31511E-09,3.56366E-10,7.19931E-12
490.53,2.72009E-09,4.10398E-10,3.7401E-09,2.80798E-10,2.23199E-10
491.12,2.54567E-09,4.42499E-10,9.27208E-09,4.74877E-10,1.65488E-10
491.70,2.88887E-09,3.34344E-10,5.31523E-09,1.50994E-10,1.65374E-10
492.28,1.72633E-09,2.15909E-10,5.60783E-09,3.02273E-10,2.44697E-10
492.86,2.37205E-09,1.61819E-10,3.87965E-09,1.13274E-09,1.22264E-10
493.45,2.20053E-09,3.88543E-10,5.75023E-09,1.29514E-10,5.75619E-11
494.03,2.54705E-09,2.80761E-10,4.96216E-09,4.9673E-10,1.51179E-10
494.61,2.59355E-09,4.54121E-10,4.03245E-09,2.16248E-10,1.72998E-10
495.20,2.76392E-09,1.08025E-10,4.4604E-09,4.10494E-10,2.23251E-10
495.78,2.46343E-09,2.4864E-10,5.54361E-09,2.59451E-10,6.48627E-11
496.36,2.07369E-09,2.59354E-10,4.31809E-09,5.29514E-10,1.44085E-10
496.95,2.20346E-09,2.37758E-10,5.82984E-09,2.16144E-10,-1.9453E-10
497.53,-4.3225E-11,3.56802E-10,4.68043E-09,-1.51371E-10,1.87411E-10
498.11,2.85377E-09,2.59576E-10,5.11411E-09,9.73409E-11,2.81207E-10
498.70,2.20651E-09,3.24665E-10,4.46852E-09,2.27265E-10,1.73154E-10
499.28,2.11917E-09,2.37996E-10,4.39477E-09,3.46176E-10,2.09148E-10
499.86,1.85876E-09,1.94628E-10,4.24859E-09,4.97384E-10,3.60423E-11
500.45,2.93976E-09,2.59533E-10,5.18529E-09,2.48719E-10,2.37906E-10
501.03,1.64284E-09,3.56866E-10,4.96934E-09,4.65007E-10,2.09073E-10
501.61,2.07433E-09,4.10769E-10,4.82334E-09,1.62146E-10,4.32389E-10
502.20,2.16062E-09,2.91843E-10,4.24714E-09,2.59416E-10,9.36781E-11
502.78,2.33302E-09,2.91788E-10,4.03041E-09,3.45822E-10,1.00865E-10
503.37,1.85849E-09,2.919E-10,3.81596E-09,6.48666E-11,2.30637E-10
503.95,1.94601E-09,1.51439E-10,5.04275E-09,3.02879E-10,4.32684E-11
504.53,1.98973E-09,4.97706E-10,4.61162E-09,1.83935E-10,2.66886E-10
505.12,3.67483E-09,1.51399E-10,4.89738E-09,-5.19084E-10,-2.8838E-11
505.70,2.29273E-09,3.57084E-10,3.7473E-09,2.27235E-10,1.65918E-10
506.29,2.29087E-09,2.91922E-10,4.46429E-09,2.70298E-10,2.73902E-10
506.87,2.03315E-09,4.76105E-10,4.82818E-09,3.67899E-10,9.37783E-11
507.45,2.20737E-09,1.84048E-10,4.03765E-09,4.11402E-10,1.08264E-10
508.04,2.25043E-09,2.48982E-10,1.80235E-09,1.73205E-10,1.37121E-10
508.62,2.64055E-09,1.01782E-09,4.32667E-09,1.73246E-10,3.60929E-10
509.21,1.25518E-09,3.13968E-10,4.47031E-09,3.03142E-10,7.21766E-12
509.79,1.12583E-09,2.81611E-10,4.68866E-09,4.33248E-10,1.58857E-10
510.37,1.99176E-09,3.0326E-10,4.03928E-09,3.14091E-10,1.37189E-10
510.96,2.12278E-09,3.25094E-10,4.40227E-09,3.25094E-10,1.95056E-10
511.54,1.68934E-09,2.70876E-10,4.47384E-09,2.3837E-10,7.22335E-11
512.13,2.64261E-09,2.60072E-10,4.90738E-09,2.38399E-10,2.23951E-10
512.71,1.30009E-09,1.09484E-09,-2.88768E-10,1.626E-10,2.52934E-10
513.30,2.29702E-09,2.60183E-10,4.54848E-09,2.81865E-10,1.80682E-10
513.88,1.60263E-09,3.7921E-10,4.61796E-09,1.84187E-10,1.95022E-10
514.47,1.60325E-09,-6.71999E-10,4.18662E-09,1.95097E-10,3.10709E-10
515.05,1.12617E-09,4.33381E-10,3.3913E-09,1.62518E-10,-2.88921E-11
515.63,1.94961E-09,2.38417E-10,-4.47471E-09,1.73394E-10,5.7798E-11
516.22,1.77696E-09,2.05981E-10,5.63152E-09,-3.46915E-10,1.08411E-10
516.80,1.90733E-09,1.0843E-10,2.67185E-09,2.27704E-10,2.89148E-11
517.39,2.1683E-09,3.68813E-10,4.40672E-09,8.78642E-10,-4.12203E-10
517.97,1.21484E-09,2.49613E-10,3.46928E-09,3.5814E-10,6.51164E-11
518.56,1.6905E-09,3.36117E-10,5.199E-09,1.3011E-10,1.66251E-10
519.14,2.0834E-09,3.90851E-10,4.12138E-09,3.47423E-10,1.23046E-10
519.73,1.25873E-09,3.03998E-10,3.75989E-09,1.51999E-10,1.30285E-10
520.31,1.47685E-09,1.41247E-10,4.63099E-09,1.62977E-10,1.30382E-10
520.90,1.73725E-09,2.93322E-10,3.97926E-09,2.49867E-10,7.96677E-11
521.48,2.43499E-09,3.58924E-10,5.14287E-09,1.30518E-10,3.26294E-10
522.07,-1.00059E-09,3.48224E-10,3.76852E-09,1.30584E-10,-2.75677E-10
522.65,1.47844E-09,2.50168E-10,4.27381E-09,1.19646E-10,2.03035E-10
523.24,2.1763E-09,3.0485E-10,3.11785E-09,4.57274E-10,8.70999E-11
523.82,2.00563E-09,1.74499E-10,4.35795E-09,2.07217E-10,2.03582E-10
524.41,1.91745E-09,2.39813E-10,4.42831E-09,4.68725E-10,-7.26706E-11
524.99,2.04992E-09,2.94565E-10,6.10318E-09,1.09098E-10,2.40016E-10
525.58,1.74558E-09,3.9297E-10,3.63484E-09,2.72896E-10,2.40148E-10
526.17,1.52854E-09,3.82345E-10,4.94714E-09,3.7142E-10,1.01959E-10
526.75,1.26734E-09,1.20245E-10,5.31442E-09,1.96765E-10,1.09314E-10
527.34,1.79307E-09,3.28181E-10,3.86124E-09,2.73484E-10,-1.38565E-10
527.92,2.18658E-10,3.06289E-10,4.37102E-09,2.51594E-10,1.38559E-10
528.51,1.61858E-09,2.84502E-10,3.57081E-09,1.64136E-10,1.96963E-10
529.09,1.22586E-09,4.92803E-10,4.44886E-09,2.08072E-10,9.49101E-11
529.68,2.3225E-09,3.7268E-10,3.43095E-09,-5.15176E-10,5.84596E-11
530.26,1.92844E-09,4.16596E-10,3.65057E-09,3.39855E-10,1.46174E-10
530.85,1.7527E-09,8.3299E-10,3.13873E-09,2.7401E-10,1.8998E-10
531.44,1.62233E-09,3.50966E-10,4.09036E-09,1.09677E-10,1.02365E-10
532.02,8.33232E-10,2.19392E-10,2.70303E-09,2.08422E-10,1.02383E-10
532.61,1.84095E-09,3.28922E-10,7.30181E-10,2.85066E-10,7.30938E-11
533.19,-3.07161E-10,9.54916E-10,3.3625E-09,1.0976E-11,1.60982E-10
533.78,1.27333E-09,1.97695E-10,4.16923E-09,1.97695E-10,6.58982E-11
534.37,8.77869E-10,3.73299E-10,3.72912E-09,1.53711E-10,8.7835E-11
534.95,1.58189E-09,3.62716E-10,2.85481E-09,2.08837E-10,3.6638E-11
535.54,1.62621E-09,3.84789E-10,3.66086E-09,2.19879E-10,-1.46586E-11
536.12,1.36321E-09,2.74991E-10,4.02903E-09,1.53995E-10,1.90661E-10
536.71,1.32047E-09,2.4222E-10,4.10614E-09,2.0919E-10,8.80798E-11
537.30,1.93737E-09,6.82858E-10,2.49389E-09,3.08388E-10,1.68879E-10
537.88,1.49857E-09,3.19724E-10,3.30407E-09,9.92248E-11,1.1025E-10
538.47,8.82412E-10,3.42122E-10,3.52793E-09,4.41448E-10,1.83937E-10
539.06,1.14798E-09,2.98197E-10,3.89829E-09,2.20887E-11,1.17806E-10
539.64,1.94446E-09,1.76866E-10,5.96304E-09,1.8792E-10,-3.02146E-10
540.23,1.50271E-09,3.75883E-10,-2.13516E-09,8.84431E-11,5.89621E-11
540.82,9.29648E-10,4.09713E-10,3.53979E-09,-1.77173E-10,1.18115E-10
541.40,8.85512E-10,2.4365E-10,3.68784E-09,2.4365E-10,1.91966E-10
541.99,7.97928E-10,3.88095E-10,4.20924E-09,3.99183E-10,2.88299E-10
542.58,1.06412E-09,3.43809E-10,2.73285E-09,1.99631E-10,5.915E-11
543.16,1.81996E-09,3.88619E-10,3.62335E-09,2.77585E-10,2.07264E-10
543.75,1.95486E-09,2.33378E-10,3.33052E-09,2.44492E-10,6.66795E-11
544.34,8.44175E-10,1.33364E-10,4.88495E-09,7.77956E-11,7.40911E-12
544.92,1.11195E-09,3.33767E-10,2.00053E-09,1.33507E-10,4.45023E-11
545.51,2.45133E-09,8.91883E-11,2.82137E-09,1.78377E-10,2.97294E-11
546.10,1.24981E-09,3.57285E-10,2.97429E-09,1.67477E-10,5.21041E-11
546.68,1.02785E-09,3.46532E-10,3.35006E-09,3.91246E-10,4.5459E-10
547.27,1.38714E-09,5.59638E-10,4.39793E-09,1.45506E-10,-4.47711E-11
547.86,2.06082E-09,2.12919E-10,3.50765E-09,1.12062E-10,1.49417E-10
548.44,9.87127E-10,3.03035E-10,3.36356E-09,2.80588E-10,-2.09505E-10
549.03,2.19856E-09,1.57126E-10,2.69081E-09,2.58136E-10,2.46913E-10
549.62,1.34758E-09,1.1236E-10,2.99317E-09,2.35957E-10,-5.24348E-11
550.21,1.25879E-09,1.23699E-10,4.71814E-09,2.36152E-10,1.04956E-10
550.79,8.99407E-10,3.14965E-10,2.62199E-09,1.23736E-10,1.34985E-10
551.38,1.08007E-09,2.25138E-10,1.19949E-09,5.62845E-11,1.42587E-10
551.97,1.26138E-09,2.47908E-10,3.75228E-09,1.57759E-10,-3.00494E-11
552.56,2.61279E-09,4.16924E-10,3.15183E-09,1.12682E-10,-3.00486E-11
553.14,1.53452E-09,2.25788E-11,3.53368E-09,-1.12894E-10,-4.51576E-11
553.73,1.48962E-09,2.59698E-10,1.80472E-09,1.69368E-10,6.77473E-11
554.32,-6.77539E-10,4.06746E-10,3.23555E-09,-1.35582E-10,1.50647E-11
554.91,1.17421E-09,2.71119E-10,4.06258E-09,1.0167E-10,3.76555E-11
555.49,1.21965E-09,2.37285E-10,2.55852E-09,3.1638E-10,9.79272E-11
556.08,1.31121E-09,4.07152E-10,2.78685E-09,2.26195E-11,2.63895E-10
556.67,1.13154E-09,1.58502E-10,2.18657E-09,3.05682E-10,1.13216E-10
557.26,1.40349E-09,7.92726E-11,9.05035E-10,1.6987E-10,3.69939E-10
557.84,-1.90325E-09,5.44083E-10,2.34015E-09,-6.12093E-10,-6.04537E-11
558.43,1.13323E-09,1.24724E-10,2.56741E-09,1.5874E-10,6.80312E-11
559.02,1.54231E-09,2.26935E-10,4.00504E-09,7.94273E-11,1.28597E-10
559.61,2.72401E-10,2.7255E-10,4.5378E-09,5.67813E-11,9.08501E-11
560.20,6.3566E-10,1.02216E-10,2.72293E-09,1.93074E-10,-3.78577E-11
560.78,1.36309E-09,3.1823E-10,3.10331E-09,1.7048E-10,9.09228E-11
561.37,1.54499E-09,1.36397E-10,9.08372E-10,3.40993E-11,6.06209E-11
561.96,1.09064E-09,1.81872E-10,3.10377E-09,1.25037E-10,-5.83507E-10
562.55,8.64014E-10,2.27497E-10,2.42412E-09,-7.96239E-11,-8.34156E-11
563.14,1.22772E-09,1.7061E-10,2.57544E-09,-3.4122E-11,-3.03307E-10
563.72,1.09153E-09,3.86797E-10,3.5609E-09,1.36516E-10,3.0337E-11
564.31,1.31887E-09,2.1614E-10,2.65161E-09,-7.96307E-11,2.65436E-10
564.90,5.00238E-10,2.04755E-10,2.87875E-09,2.1613E-10,6.06682E-11
565.49,1.00046E-09,9.10005E-11,2.80294E-09,8.87255E-10,9.10005E-11
566.08,1.22686E-09,3.63713E-10,2.42224E-09,9.09283E-11,7.57736E-11
566.67,1.72685E-09,-6.82026E-11,2.72528E-09,5.68355E-11,7.57807E-11
567.26,7.72631E-10,1.81895E-10,3.25558E-09,1.13685E-11,8.33687E-11
567.84,1.27263E-09,1.02321E-10,3.0286E-09,1.1369E-11,-2.2738E-11
568.43,8.17801E-10,4.09125E-10,6.81169E-10,2.7275E-10,1.51528E-11
569.02,5.91184E-10,9.10013E-11,2.87872E-09,-2.27503E-11,-1.13752E-10
569.61,7.27378E-10,4.54861E-11,2.49914E-09,0,-2.2743E-11
570.20,4.5476E-10,2.04754E-10,3.10601E-09,1.02377E-10,7.5835E-12
570.79,1.27414E-09,1.70737E-10,1.21287E-09,0,-1.51766E-11
571.38,1.22886E-09,2.7323E-10,2.95693E-09,1.48E-10,3.56717E-10
571.97,1.2742E-09,2.16277E-10,2.72909E-09,1.1383E-11,-4.5532E-11
572.55,9.55666E-10,2.61814E-10,1.66781E-09,1.13832E-10,-7.58881E-12
573.14,2.27789E-10,5.01412E-10,-1.66964E-09,1.93727E-10,-6.07772E-11
573.73,9.11598E-10,2.28025E-10,1.97417E-09,-1.25414E-10,-1.67218E-10
574.32,5.473E-10,1.82534E-10,2.43126E-09,6.84501E-11,3.04223E-11
574.91,1.4142E-09,-2.054E-10,2.88782E-09,4.56444E-11,1.67363E-10
575.50,1.46062E-09,2.28348E-11,1.82489E-09,1.59843E-10,-1.4462E-10
576.09,8.22549E-10,2.0575E-10,-2.81662E-09,1.37167E-10,-2.28611E-11
576.68,9.59486E-10,2.74289E-10,1.90281E-09,-5.14292E-10,-6.09532E-11
577.27,1.87358E-09,9.14445E-11,3.12112E-09,9.14445E-11,7.62037E-11
577.86,1.23477E-09,2.51666E-10,2.66642E-09,3.88938E-10,5.18584E-10
578.45,4.57622E-10,2.06043E-10,3.2018E-09,0,-4.57874E-11
579.04,-2.28805E-10,3.20503E-10,2.05824E-09,4.57861E-11,3.05241E-11
579.63,8.24284E-10,1.03092E-10,2.5937E-09,5.72733E-11,1.52729E-11
580.22,6.41331E-10,-2.29172E-10,1.60255E-09,1.37503E-10,-6.87517E-11
580.80,1.14543E-09,1.60449E-10,1.8318E-09,1.14606E-10,3.8202E-11
581.39,1.09991E-09,1.49027E-10,1.45056E-09,-5.73182E-11,-7.64243E-12
581.98,4.58588E-10,1.1471E-10,2.13903E-09,1.26181E-10,1.9883E-10
582.57,-1.97519E-09,2.7576E-10,2.83126E-09,-4.3662E-10,-6.89399E-11
583.16,5.97147E-10,1.26389E-10,2.90776E-09,1.03409E-10,-1.30219E-10
583.75,6.43153E-10,1.49385E-10,1.6071E-09,-6.89471E-11,3.83039E-11
584.34,6.89797E-10,5.75146E-11,2.83445E-09,-2.30058E-11,7.66861E-12
584.93,1.19758E-09,1.84344E-10,2.14845E-09,1.61301E-10,6.1448E-11
585.52,1.24361E-09,5.76063E-11,1.68803E-09,6.91275E-11,-7.68083E-11
586.11,1.42944E-09,3.69091E-10,2.1508E-09,1.38409E-10,1.07652E-10
586.70,6.46167E-10,2.309E-10,1.23019E-09,6.92701E-11,1.6163E-10
587.29,3.23494E-10,1.04037E-10,1.69367E-09,1.84955E-10,1.84955E-10
587.88,6.47354E-10,1.15662E-10,1.69462E-09,8.09636E-11,2.46746E-10
588.47,9.72117E-10,1.73688E-10,3.00747E-09,-5.78959E-11,6.94751E-11
589.06,7.88088E-10,6.95754E-11,1.54452E-09,1.85534E-10,1.3142E-10
589.65,4.64087E-11,1.50911E-10,2.01006E-09,1.16085E-10,1.08346E-10
590.25,9.29134E-10,1.51067E-10,1.31563E-09,4.06719E-10,1.78182E-10
590.84,5.11675E-10,1.97801E-10,1.70475E-09,-8.14476E-11,2.32707E-11
591.43,9.31255E-10,2.56236E-10,2.24944E-09,1.98E-10,-1.08706E-10
592.02,1.2121E-09,2.56547E-10,2.95112E-09,1.28274E-10,6.21933E-11
592.61,7.0179E-10,1.63841E-10,1.09114E-09,1.87247E-10,7.02175E-11
593.20,5.15952E-10,2.93315E-10,-3.28173E-09,7.03957E-11,7.82175E-11
593.79,-1.12751E-09,6.8158E-10,2.11306E-09,1.52768E-10,0
594.38,6.58708E-10,1.88306E-10,2.03787E-09,4.70764E-11,-9.41529E-11
594.97,5.6505E-10,3.06237E-10,1.88258E-09,9.42267E-11,1.09931E-10
595.56,7.54919E-10,3.54062E-10,1.10039E-09,-3.54062E-11,5.50764E-11
596.15,5.67019E-10,2.12749E-10,9.44571E-10,8.27357E-11,1.57592E-11
596.74,1.22987E-09,3.07637E-10,2.20639E-09,4.73288E-11,1.34098E-10
597.33,5.68362E-10,1.77711E-10,1.49911E-09,1.18474E-10,-3.94913E-11
597.92,9.0098E-10,1.10312E-09,5.60863E-09,1.18615E-10,-3.08399E-10
598.52,1.33E-09,2.49512E-10,2.29471E-09,2.13867E-10,8.7131E-11
599.11,4.7575E-11,7.14016E-11,9.51036E-10,1.07102E-10,1.5867E-11
599.70,6.67013E-10,9.29563E-10,2.22229E-09,1.9068E-10,5.56149E-11
600.29,9.54342E-10,1.90973E-10,2.06673E-09,1.4323E-10,4.45604E-10
600.88,5.2597E-10,2.27248E-10,-3.90302E-09,2.27248E-10,3.98681E-11
601.47,4.3094E-10,2.03611E-10,1.11671E-09,-1.55703E-10,4.79085E-11
602.06,1.43885E-10,2.51936E-10,1.27835E-09,3.59909E-11,-3.19919E-11
602.65,3.36197E-10,2.52286E-10,5.60056E-10,3.9645E-10,9.61091E-11
603.25,3.84758E-10,2.16545E-10,1.44214E-09,-7.21817E-11,2.40606E-11
603.84,1.30125E-09,-1.20553E-11,1.20428E-09,2.41105E-10,1.04479E-10
604.43,9.65176E-10,1.32785E-10,2.65294E-09,-4.82853E-11,4.82853E-11
605.02,1.44981E-10,-1.93415E-10,2.6567E-09,-1.20884E-11,1.61179E-11
605.61,9.6805E-10,3.14789E-10,2.01579E-09,7.26436E-11,8.87866E-11
606.20,1.01782E-09,2.42471E-11,8.07399E-10,0,-8.08236E-12
606.80,3.88381E-10,2.18584E-10,2.10271E-09,1.45723E-10,-4.12882E-10
607.39,-4.86196E-11,1.33777E-10,1.78185E-09,-3.64847E-11,5.91864E-10
607.98,6.81293E-10,2.43452E-10,1.216E-09,8.52084E-11,-3.24603E-11
608.57,6.82423E-10,1.34121E-10,1.29922E-09,1.58507E-10,7.31569E-11
609.16,6.34286E-10,1.34249E-10,1.9507E-09,2.4409E-11,1.13909E-10
609.76,4.8869E-10,-9.77917E-11,1.8724E-09,2.07807E-10,1.05941E-10
610.35,5.38449E-10,1.4693E-10,9.78521E-10,2.08151E-10,5.71396E-11
610.94,5.38699E-10,1.34749E-10,1.14214E-09,-2.44998E-11,1.30665E-10
611.53,2.94395E-10,9.81855E-11,1.63473E-09,2.20917E-10,8.18212E-11
612.12,1.86738E-09,1.7209E-10,-1.80098E-09,9.83371E-11,1.63895E-10
612.72,0,1.96828E-10,2.78551E-09,-6.15087E-11,3.03443E-10
613.31,4.57828E-09,3.81733E-10,1.14811E-09,9.85117E-11,-6.56744E-11
613.90,0,3.69885E-11,1.3959E-09,9.8636E-11,8.21967E-12
614.49,1.23315E-09,2.22088E-10,8.21697E-11,1.23382E-10,1.89186E-10
615.09,-3.11218E-09,1.35924E-10,1.81044E-09,9.88536E-11,-1.15329E-10
615.68,9.39986E-10,1.11375E-10,1.07139E-09,1.2375E-10,-8.25002E-12
616.27,1.53441E-09,5.32387E-10,8.24552E-10,9.90488E-11,6.60326E-11
616.86,4.45939E-10,1.73516E-10,1.32066E-09,7.43639E-11,9.08892E-11
617.46,1.48869E-10,7.44754E-11,1.32264E-09,1.48951E-10,-8.27505E-11
618.05,8.93794E-10,1.61468E-10,9.9262E-10,1.36627E-10,1.15926E-10
618.64,2.13924E-09,7.8399E-10,1.40889E-09,2.98663E-10,-5.80733E-11
619.23,3.48564E-10,3.86122E-10,1.24426E-09,6.22777E-11,9.13406E-11
619.83,5.98237E-10,4.98804E-11,1.74401E-09,1.99522E-10,1.41328E-10
620.42,3.49464E-10,3.74631E-10,3.24344E-09,6.24385E-11,-4.99508E-11
621.01,1.39928E-09,2.50009E-11,7.49249E-10,3.75013E-11,8.33362E-12
621.61,0,2.25436E-10,2.50225E-09,2.25436E-10,-8.34948E-11
622.20,6.01712E-10,3.01021E-10,3.34121E-10,1.75596E-10,-1.67234E-11
622.79,7.02541E-10,6.65269E-10,3.17661E-09,1.75732E-10,5.35563E-10
623.38,1.50708E-10,1.38225E-10,1.08792E-09,2.1362E-10,1.34036E-10
623.98,1.35796E-09,1.00645E-10,1.08919E-09,1.50967E-10,-5.87095E-11
624.57,4.52895E-10,6.29366E-10,1.00594E-09,2.13984E-10,9.2307E-11
625.16,5.54189E-10,2.01634E-10,9.23199E-10,1.89032E-10,-4.11669E-10
625.76,6.04801E-10,3.78208E-11,-3.19045E-09,1.00856E-10,-1.17665E-10
626.35,4.03674E-10,1.13596E-10,1.51304E-09,-1.26218E-11,2.01948E-10
626.94,7.57346E-10,-1.26294E-11,2.52326E-10,1.13664E-10,-2.52587E-11
627.54,3.53831E-10,2.65519E-10,1.26307E-09,3.79313E-10,-3.37167E-11
628.13,6.57518E-10,2.15076E-10,1.26384E-09,2.5303E-11,-5.06061E-11
628.73,4.04945E-10,1.13953E-10,1.5178E-09,1.01292E-10,-1.01292E-10
629.32,0,2.78888E-10,1.68848E-10,8.87372E-11,1.4367E-10
629.91,3.04467E-10,8.88516E-11,1.69066E-09,-5.07724E-11,1.86165E-10
630.51,4.57056E-10,2.41357E-10,1.94577E-09,-8.89208E-11,2.37122E-10
631.10,1.06752E-09,2.41596E-10,1.01619E-09,1.65303E-10,-5.93394E-11
631.69,1.52595E-10,1.14509E-10,1.27101E-09,-1.27232E-11,7.63395E-11
632.29,1.88409E-09,3.69383E-10,0,1.78323E-10,3.65137E-10
632.88,8.15072E-10,2.0388E-10,4.2431E-10,1.14682E-10,1.61405E-10
633.48,6.11628E-10,2.42236E-10,5.94348E-10,6.37462E-11,-8.49949E-12
634.07,5.60995E-10,1.40326E-10,1.6142E-09,8.92983E-11,1.27569E-10
634.66,5.60898E-10,1.27547E-10,1.69886E-09,1.53056E-10,2.55094E-11
635.26,3.06232E-10,1.915E-10,1.1053E-09,-1.27667E-11,1.02133E-10
635.85,2.55258E-10,-1.27699E-11,6.80356E-10,6.38495E-11,5.95929E-11
636.45,1.17439E-09,2.04354E-10,1.27589E-09,5.10885E-11,1.36236E-10
637.04,-3.57538E-10,2.55524E-10,2.89294E-09,5.11049E-11,5.96223E-11
637.64,3.57817E-10,5.11448E-11,1.10699E-09,3.83586E-11,5.11448E-11
638.23,3.57901E-10,1.6626E-10,1.44794E-09,2.17417E-10,4.26307E-11
638.82,8.70037E-10,1.5362E-10,-3.41025E-10,-3.20042E-10,-1.28017E-10
639.42,1.12664E-09,1.79337E-10,1.19434E-09,1.40908E-10,1.53717E-10
640.01,1.79322E-09,2.94762E-10,1.0242E-09,2.05052E-10,-1.53789E-10
640.61,8.20365E-10,8.97767E-11,2.56239E-10,2.18029E-10,8.55016E-12
641.20,6.67435E-10,-7.7054E-11,5.98688E-10,8.98963E-11,1.6267E-10
641.80,0,4.11435E-10,1.62691E-09,0,9.42871E-11
642.39,5.66248E-10,1.93145E-10,8.57533E-10,9.01343E-11,6.86738E-11
642.99,7.21266E-10,1.41755E-10,2.74634E-09,-5.15473E-11,-3.86605E-10
643.58,2.78478E-09,7.73974E-11,1.54634E-09,-9.54567E-10,-1.71994E-11
644.18,5.16305E-11,2.06636E-10,1.11812E-09,-1.29147E-11,0
644.77,1.03317E-10,2.45511E-10,8.60551E-10,-5.16866E-11,-2.58433E-11
645.37,3.62127E-10,2.07043E-10,7.75608E-10,-6.4701E-11,6.90144E-11
645.96,4.14198E-10,0,6.03744E-10,5.18031E-11,-6.0437E-11
646.56,4.14858E-10,-6.48571E-11,6.91093E-10,-7.78285E-11,0
647.15,7.78466E-10,3.11557E-10,1.90199E-09,1.03852E-10,2.59631E-11
647.75,1.55857E-10,0,-4.32724E-10,2.46909E-10,3.55202E-10
648.34,4.68032E-10,1.56096E-10,8.66304E-10,1.04064E-10,-4.33601E-11
648.94,5.20705E-10,4.03768E-10,1.12764E-09,1.30248E-11,4.51526E-10
649.53,2.45058E-09,3.26054E-10,7.8172E-10,3.91265E-11,1.8259E-10
650.13,0,-2.61317E-11,8.70153E-11,2.74383E-10,9.58161E-11
650.72,-1.56882E-10,7.84841E-11,1.74228E-10,2.61614E-11,8.72045E-12
651.32,2.09466E-10,1.83383E-10,1.65746E-09,4.06063E-10,1.65918E-10
651.92,5.24863E-10,6.56438E-11,1.31152E-09,-1.31288E-11,8.75251E-12
652.51,6.30809E-10,1.57789E-10,1.57625E-09,2.62981E-11,3.33109E-10
653.11,5.79413E-10,2.50338E-10,2.45692E-09,-7.90542E-11,0
653.70,5.80367E-10,6.59871E-11,-2.63675E-10,1.58369E-10,4.39914E-11
654.30,2.11162E-10,2.64097E-11,-1.84676E-09,-7.9229E-11,-8.80323E-11
654.89,5.28814E-10,6.6138E-10,1.84995E-09,1.05821E-10,1.32276E-10
655.49,4.2324E-10,1.32335E-10,2.90836E-09,1.72036E-10,-1.14691E-10
656.09,7.42217E-10,1.98917E-10,1.14811E-09,5.30446E-11,-8.84077E-12
656.68,1.00802E-09,1.06165E-10,1.06055E-09,5.30827E-11,-9.73183E-11
657.28,-2.12504E-10,2.39198E-10,1.8585E-09,2.25909E-10,-8.85918E-11
657.87,1.59535E-10,1.06415E-10,-1.77175E-10,1.33019E-10,3.54718E-11
658.47,5.85687E-10,1.33184E-11,1.15306E-09,-1.33184E-11,4.43946E-11
659.07,6.92901E-10,5.33293E-10,5.68257E-09,1.33323E-11,2.66647E-11
659.66,8.00896E-10,1.202E-10,1.7789E-10,5.34224E-11,1.78075E-11
660.26,-1.06855E-10,-4.00926E-11,1.24603E-09,6.68209E-11,1.15823E-10
660.86,8.55788E-10,4.28129E-10,1.51472E-09,2.8096E-10,2.67581E-11
661.45,3.21576E-10,8.04382E-11,7.14266E-10,-1.34064E-10,-2.41315E-10
662.05,8.5813E-10,6.70782E-11,3.30576E-09,1.74403E-10,-1.07325E-10
662.64,-6.44889E-10,6.72128E-11,6.2667E-10,-5.64588E-10,-7.16937E-11
663.24,-5.38343E-11,2.69319E-10,2.6904E-10,-1.07728E-10,8.97731E-11
663.84,3.77188E-10,1.34784E-10,1.43621E-09,8.22181E-10,-3.32467E-10
664.43,5.93746E-10,5.40065E-11,-3.5967E-10,9.45114E-11,5.40065E-11
665.03,1.19001E-09,2.30015E-10,8.10978E-10,-2.43546E-10,-9.02021E-12
665.63,4.33435E-10,9.48659E-11,2.70765E-10,1.35523E-11,-1.80697E-11
666.23,5.97259E-10,-4.88935E-10,9.94946E-10,1.49397E-10,1.81087E-10
666.82,1.52357E-09,1.49719E-10,1.35967E-09,-1.36108E-11,1.63329E-10
667.42,0,1.36473E-10,9.08877E-11,2.72946E-11,5.45892E-11
668.02,1.63973E-10,1.77735E-10,1.36577E-09,1.36719E-11,4.01042E-10
668.61,4.10462E-09,-1.77965E-10,1.45871E-09,-6.98169E-10,1.46022E-10
669.21,-5.47865E-11,-1.37042E-10,-4.56332E-10,-6.85208E-11,0
669.81,2.19555E-10,3.56973E-10,4.57183E-10,-8.23783E-11,1.83063E-10
670.40,1.26394E-09,1.78699E-10,-9.15453E-11,-2.74921E-11,8.24762E-11
671.00,3.30205E-10,-4.12982E-11,1.46686E-09,-1.37661E-11,-1.46838E-10
671.60,7.16831E-10,1.37928E-11,3.67427E-10,-6.89639E-11,1.83904E-11
672.20,4.41741E-10,-6.90599E-11,6.43891E-10,0,-5.52479E-11
672.79,9.9512E-10,-5.53148E-11,1.56563E-09,-4.14861E-11,-1.84383E-11
673.39,3.32106E-10,3.18443E-10,-6.45448E-10,1.52299E-10,-1.84605E-11
673.99,3.88111E-10,5.54749E-11,1.10835E-09,4.16062E-11,-5.27011E-10
674.59,-1.49882E-09,2.08284E-10,6.47323E-10,8.33135E-11,9.25705E-11
675.18,-3.89039E-10,-2.36332E-10,2.03683E-09,5.56075E-11,8.34113E-11
675.78,1.11385E-10,1.25377E-10,1.57718E-09,-9.75153E-11,1.85743E-11
676.38,-2.23051E-10,-5.57934E-11,1.3005E-09,7.67159E-10,1.85978E-10
676.98,-2.23386E-10,3.07324E-10,1.30245E-09,-1.67631E-10,-2.79385E-11
677.58,7.26859E-10,1.53843E-10,3.72567E-10,6.99287E-11,0
678.17,-2.24067E-10,-1.12095E-10,1.58636E-09,2.80237E-11,2.80237E-11
678.77,1.06544E-09,-1.2624E-10,0,1.54294E-10,1.40267E-10
679.37,5.6171E-10,5.62019E-11,5.24008E-09,0,-1.49872E-10
679.97,2.92451E-09,8.15937E-10,1.21795E-09,3.37629E-10,5.62715E-11
680.57,-3.94156E-10,9.85931E-11,4.69004E-10,-2.81694E-11,-1.87796E-11
681.16,2.82016E-10,4.23256E-11,4.69798E-10,-1.55194E-10,2.82171E-11
681.76,-2.8229E-10,-5.64889E-11,-2.82152E-10,-4.23667E-11,-6.59038E-11
682.36,0,-1.41386E-10,7.5328E-10,8.48318E-11,1.03683E-10
682.96,1.13158E-10,7.07627E-11,1.13103E-09,-1.41525E-10,-3.77401E-11
683.56,3.97062E-10,1.41886E-11,1.98434E-09,2.69583E-10,1.13509E-10
684.16,-5.68402E-11,-3.83882E-10,-7.575E-10,-1.42178E-10,-4.07578E-10
684.75,2.84571E-10,1.42363E-11,-2.84432E-10,2.84727E-11,1.42363E-10
685.35,0,1.85232E-10,-4.74461E-10,7.1243E-11,5.69944E-11
685.95,-1.14104E-10,4.85207E-10,7.60321E-10,5.70832E-11,0
686.55,6.85434E-10,1.57165E-10,3.14004E-09,-2.85754E-11,7.2391E-10
687.15,-1.1444E-10,4.29385E-11,-5.24261E-09,-1.28816E-10,-7.63352E-11
687.75,1.71843E-10,-7.16407E-11,0,-6.01782E-10,-5.73125E-11
688.35,5.16098E-10,5.73757E-11,0,7.17196E-11,-9.56262E-12
688.95,1.72296E-10,-2.87317E-11,0,8.04487E-10,3.4478E-10
689.54,3.44968E-10,4.31446E-11,-1.24511E-09,-2.01342E-10,1.53403E-10
690.14,9.78887E-10,-1.00823E-10,2.39806E-09,-1.7284E-10,2.20851E-10
690.74,1.72862E-10,-1.44131E-11,0,7.20656E-11,-3.8435E-11
691.34,3.45866E-10,-2.59542E-10,1.82451E-09,-2.8838E-11,-5.76759E-11
691.94,2.3098E-10,-5.77768E-11,8.65754E-10,1.7333E-10,-9.62946E-12
692.54,6.93798E-10,2.74779E-10,2.1189E-09,-2.16931E-10,-9.64137E-12
693.14,-1.15714E-10,1.44721E-10,2.89143E-10,1.30249E-10,3.85924E-11
693.74,1.67994E-09,1.73882E-10,1.93002E-10,-2.17353E-10,-2.80143E-10
694.34,2.89975E-10,1.16054E-10,9.66113E-11,0,1.16054E-10
694.94,4.64538E-10,0,7.73852E-10,2.90495E-11,2.90495E-11
695.54,7.55766E-10,8.72516E-11,-1.93692E-10,-1.16335E-10,0
696.14,-1.28009E-09,-7.27725E-11,1.35701E-09,1.16436E-10,5.8218E-11
696.74,9.32038E-10,1.60282E-10,2.13488E-09,7.28554E-11,8.74265E-11
697.34,-8.15669E-10,-2.9147E-11,0,7.28676E-11,9.71568E-12
697.94,8.75339E-10,2.9194E-11,1.16655E-09,1.75164E-10,5.83879E-11
698.54,0,1.75308E-10,1.84856E-09,1.4609E-10,0
699.14,-2.33758E-10,2.92358E-11,2.92056E-10,5.84717E-11,1.94906E-11
699.74,-2.3985E-09,1.4633E-11,1.94905E-10,2.92661E-11,-3.90214E-11
700.34,5.8574E-11,7.32577E-11,1.95152E-10,2.93031E-11,-2.83263E-10
700.94,6.45084E-10,1.6136E-10,2.93077E-10,1.32021E-10,-9.77937E-12
701.54,1.99641E-09,1.76251E-10,-3.91263E-10,2.05626E-10,2.64376E-10
702.14,2.35046E-10,3.08668E-10,1.27255E-09,1.46985E-11,6.85928E-11
702.74,-7.05544E-10,6.47104E-10,7.83556E-10,8.82415E-11,4.9023E-11
703.34,6.47365E-10,-2.94418E-11,1.76468E-09,-2.94418E-11,9.81394E-12
703.94,1.17907E-10,2.0645E-10,8.83869E-10,8.84786E-11,-1.27802E-10
704.54,4.72038E-10,1.47593E-11,3.04709E-09,1.47593E-11,5.41173E-10
705.14,3.72195E-09,-3.2511E-10,4.92081E-10,-1.47777E-10,2.1674E-10
705.74,7.09337E-10,8.87158E-11,1.47706E-09,1.4786E-10,4.92865E-11
706.34,5.91738E-10,8.88095E-11,3.943E-10,1.77619E-10,2.96032E-11
706.94,-1.18478E-10,1.92633E-10,-1.57894E-09,-1.62997E-10,1.97572E-11
707.54,0,7.41707E-11,9.87919E-11,-1.48341E-11,-1.6812E-10
708.14,2.37519E-10,2.52502E-10,-3.95672E-10,1.78237E-10,1.78237E-10
708.74,0,2.97307E-11,5.93998E-10,-1.33788E-10,1.98205E-11
709.34,-1.19025E-10,-2.67953E-10,-1.09053E-09,-2.97726E-11,-1.58787E-10
709.94,4.76662E-10,1.04327E-10,-9.92561E-11,-1.78846E-10,8.94231E-11
710.54,1.78947E-10,1.79045E-10,7.94932E-10,1.93966E-10,-4.47613E-10
711.14,7.16816E-10,7.47093E-10,4.97546E-10,-1.6436E-10,1.49419E-10
711.75,5.38187E-10,3.14115E-10,-2.98847E-10,7.47892E-11,-6.98033E-11
712.35,1.19735E-10,0,-5.58491E-09,8.98505E-11,-9.98339E-12
712.95,-1.19797E-10,2.99656E-11,-2.99346E-10,-1.07876E-09,4.99427E-11
713.55,-5.99593E-11,7.49903E-11,1.59814E-09,-1.79977E-10,-3.99948E-11
714.15,-1.20123E-10,7.51179E-11,1.10059E-09,5.10802E-10,0
714.75,-1.14182E-09,1.3529E-10,-1.10122E-09,-1.50322E-11,4.00859E-11
715.35,9.62616E-10,-7.52456E-11,1.10246E-09,1.20393E-10,1.1036E-10
715.95,1.80732E-10,-3.01386E-11,5.01789E-10,7.53465E-11,9.04158E-11
716.56,1.80998E-10,3.1692E-10,8.04042E-10,-7.54571E-11,-1.00609E-11
717.16,6.04037E-10,1.51092E-11,4.02495E-10,-1.81311E-10,8.05825E-11
717.76,5.44038E-10,4.53614E-11,0,1.20964E-10,4.03212E-11
718.36,-1.09063E-09,-1.81872E-10,-1.00935E-10,-9.09359E-11,-1.21248E-10
718.96,1.21302E-10,0,1.4145E-09,2.73079E-10,2.32623E-10
719.56,-2.42985E-10,-4.55847E-11,0,-1.21559E-10,8.10394E-11
720.17,0,1.6743E-10,5.06838E-10,1.52209E-10,0
720.77,6.08962E-11,3.04648E-11,-4.26066E-09,0,1.11704E-10
721.37,-4.87734E-10,1.98251E-10,6.09371E-10,2.28751E-10,-2.13501E-10
721.97,6.10455E-11,3.05395E-11,9.15236E-10,6.1079E-11,-3.05395E-11
722.57,0,-1.83649E-10,5.09607E-10,1.37737E-10,-1.02027E-10
723.18,0,-3.06373E-11,-5.10093E-10,-7.65933E-11,3.16586E-10
723.78,1.83935E-10,2.30045E-10,5.71964E-09,-1.22691E-10,8.17939E-11
724.38,0,-6.13977E-11,9.20012E-10,-2.45591E-10,-7.16307E-11
724.98,6.75719E-10,3.68776E-10,-5.11659E-10,1.53657E-10,1.12682E-10
725.59,1.23106E-10,2.30951E-10,7.17769E-10,-2.92538E-10,5.9534E-10
726.19,1.23146E-10,9.24104E-11,-1.02572E-10,7.70087E-11,1.02678E-10
726.79,2.77483E-09,3.08483E-11,0,1.07969E-10,0
727.39,1.23474E-09,3.70624E-10,1.74836E-09,2.62526E-10,-7.20659E-11
728.00,-1.85222E-10,4.32421E-10,-3.08552E-10,-4.63308E-11,8.23659E-11
728.60,4.94588E-10,2.62894E-10,4.11956E-10,9.27861E-11,1.03096E-10
729.20,-6.19093E-11,-1.23887E-10,-1.34071E-09,-9.29149E-11,4.12955E-11
729.80,1.11515E-09,3.7192E-10,8.25634E-10,1.23973E-10,-1.54967E-10
730.41,5.58141E-10,0,1.44633E-09,-1.1169E-09,-3.92982E-10
731.01,6.2047E-11,-6.2081E-11,5.16806E-10,-3.10405E-11,6.2081E-11
731.61,-3.10575E-10,1.86447E-10,5.17372E-10,1.08761E-10,1.55373E-10
732.22,0,4.66831E-11,-1.24359E-09,0,6.22441E-11
732.82,2.49129E-10,3.73899E-10,7.26273E-10,1.24633E-10,1.86949E-10
733.42,3.11611E-10,-1.09124E-10,1.66111E-09,0,5.19636E-11
734.02,6.86348E-10,1.24859E-10,3.11824E-10,-2.02896E-10,7.28345E-11
734.63,6.86338E-10,-6.24286E-11,1.0394E-09,0,3.43357E-10
735.23,5.62214E-10,0,1.14469E-09,2.03133E-10,2.60427E-10
735.83,6.88232E-10,1.87803E-10,-3.1268E-10,4.69507E-11,3.96472E-10
736.44,-2.12972E-09,7.83416E-11,-9.39125E-10,1.72351E-10,-4.17822E-11
737.04,2.50832E-10,2.5097E-10,2.08925E-09,1.25485E-10,-1.98684E-10
737.64,-5.0243E-10,1.57096E-11,7.32353E-10,1.25676E-10,3.14191E-11
738.25,1.25705E-10,2.82992E-10,4.18813E-10,-7.86089E-10,1.67699E-10
738.85,1.88829E-10,1.41699E-10,1.04854E-10,-1.41699E-10,1.36451E-10
739.46,-1.26009E-10,7.8799E-11,1.04957E-10,-2.36397E-10,3.15196E-11
740.06,-4.41768E-10,0,-1.15645E-09,-1.89433E-10,-9.47165E-11
740.66,1.01126E-09,1.26477E-10,-6.31732E-10,1.89716E-10,2.10796E-11
741.27,9.49441E-10,4.74981E-11,8.11904E-09,-6.33308E-11,-7.38859E-11
741.87,1.07687E-09,1.74295E-10,7.38668E-10,-1.10915E-10,-2.11267E-11
742.47,5.70811E-10,1.90375E-10,1.26785E-09,1.58646E-10,6.34583E-11
743.08,-6.35573E-10,-3.17961E-11,7.41141E-10,-1.58981E-11,-7.41909E-11
743.68,5.09382E-10,-3.18538E-11,7.42486E-10,1.27415E-10,3.18538E-11
744.29,6.37695E-11,0,-3.18692E-10,1.4356E-10,-2.12682E-10
744.89,6.38317E-10,-4.79001E-11,8.50675E-10,-1.916E-10,2.12889E-11
745.50,8.95131E-10,7.99663E-11,1.06511E-09,-4.79798E-11,1.4927E-10
746.10,0,-7.05148E-10,1.70768E-09,1.12183E-10,3.20522E-11
746.70,3.85037E-10,2.08676E-10,4.2761E-10,1.92624E-10,-1.71221E-10
747.31,8.35768E-10,9.64877E-11,1.17807E-09,1.2865E-10,-1.17929E-10
747.91,-6.4407E-11,6.44423E-10,1.07293E-10,1.61106E-11,0
748.52,1.93649E-10,-3.22925E-11,7.52711E-10,-1.13024E-10,-3.55217E-10
749.12,3.87866E-10,3.23399E-11,-8.72274E-09,4.04249E-10,3.23399E-11
749.73,6.47786E-11,1.29628E-10,-3.23735E-10,-3.24071E-11,-1.18826E-10
750.33,8.4387E-10,2.76032E-10,1.40576E-09,1.62372E-10,1.19073E-10
750.94,-3.90297E-10,3.25426E-11,6.50178E-10,6.83395E-10,1.41018E-10
751.54,3.25803E-10,0,1.08548E-10,0,-7.60625E-11
752.15,5.87509E-10,-2.61258E-10,8.69959E-10,-2.61258E-10,-2.17715E-11
752.75,4.58069E-10,3.11003E-10,3.27032E-10,-6.54743E-11,-2.18248E-11
753.36,7.21174E-10,-9.83959E-10,-7.64509E-10,2.2959E-10,7.65301E-11
753.96,9.86418E-10,1.31595E-10,-9.85937E-10,-4.9348E-11,7.67635E-11
754.57,-2.63545E-10,0,1.97562E-09,-1.81287E-10,-3.29612E-11
755.17,2.64031E-10,1.15577E-10,-5.49797E-10,4.95331E-11,-4.62309E-10
755.78,-5.95721E-10,-1.15898E-10,5.51325E-10,-8.11288E-10,6.29162E-10
756.38,-2.65229E-10,4.97578E-11,4.41833E-10,1.65859E-11,-3.31719E-11
756.99,7.31377E-10,-1.33051E-10,-1.55065E-09,-3.32627E-11,9.9788E-11
757.59,8.67013E-10,-5.00474E-11,-7.77709E-10,1.66825E-11,1.66825E-10
758.20,-2.00604E-10,1.33809E-10,1.11392E-10,6.69047E-11,3.34523E-11
758.80,4.02388E-10,1.67754E-11,2.2344E-10,0,1.67754E-10
759.41,-1.34648E-10,3.36804E-10,1.34582E-09,2.52603E-10,-1.12268E-11
760.02,0,-6.75029E-11,-1.68582E-09,-3.37515E-11,-7.87534E-11
760.62,6.76728E-10,2.7084E-10,1.691E-09,5.07825E-11,-1.01565E-10
761.23,2.03457E-10,1.35712E-10,-3.3893E-10,0,4.52375E-10
761.83,4.0829E-09,8.51072E-11,0,-1.53193E-10,-2.26952E-11
762.44,4.77524E-10,3.92467E-10,7.95485E-10,3.07148E-10,-3.41275E-11
763.05,1.36763E-10,3.42095E-11,3.41741E-10,-5.13143E-11,2.28064E-11
763.65,4.6662E-09,-2.05975E-10,-9.14494E-10,7.5524E-10,-1.71645E-10
764.26,-6.88189E-10,-2.40998E-10,1.49035E-09,-6.88567E-11,-3.44283E-11
764.86,4.13412E-10,1.0341E-10,1.26259E-09,-1.3788E-10,-9.19198E-11
765.47,6.91409E-10,-1.72947E-11,0,6.91788E-11,-1.15298E-11
766.08,6.93307E-10,1.04053E-10,-1.15495E-10,5.20266E-11,2.31229E-11
766.68,6.95141E-11,-1.73881E-10,-3.24241E-09,-1.73881E-11,-1.04328E-10
767.29,-3.83355E-09,-1.16813E-09,1.27723E-09,1.39478E-10,1.74348E-10
767.90,5.59008E-10,5.24358E-11,4.65613E-10,5.24358E-11,1.86438E-10
768.50,-4.90437E-10,8.76261E-11,9.3371E-10,-1.22677E-10,-2.45353E-10
769.11,-2.10709E-10,0,-4.68014E-10,-1.22981E-10,-8.19874E-11
769.72,0,-1.76169E-11,-9.38597E-10,-7.04677E-11,5.87231E-11
770.32,-4.2395E-10,1.94417E-10,-4.70826E-10,7.06971E-11,5.89143E-11
770.93,-1.41613E-10,1.06268E-10,9.43624E-10,-2.12536E-10,-3.54226E-11
771.54,7.10069E-11,-7.2822E-10,2.72061E-09,-3.55229E-11,7.45982E-10
772.14,8.54827E-10,-1.60368E-10,1.18668E-10,-1.42549E-10,4.75165E-11
772.75,-3.57223E-10,-1.78709E-11,-8.33114E-10,2.68064E-10,-7.14838E-11
773.36,-1.43212E-10,1.09259E-09,9.5428E-10,7.16452E-11,-4.77635E-11
773.96,1.4358E-10,7.18296E-11,1.07633E-09,2.69361E-10,-5.9858E-10
774.57,-4.31699E-10,-1.25981E-10,2.39716E-09,1.79973E-11,1.07984E-10
775.18,2.88594E-10,-2.88752E-10,7.21133E-10,3.06799E-10,9.62508E-11
775.79,-3.61658E-10,-1.44743E-10,1.08444E-09,5.42785E-11,-1.08557E-10
776.39,2.17609E-10,-2.35872E-10,2.4167E-10,7.62049E-10,-4.35457E-10
777.00,-2.18025E-10,9.08935E-11,3.63198E-10,2.54502E-10,-7.27148E-11
777.61,-5.10106E-10,7.29123E-11,-6.06973E-10,-7.29123E-11,-2.18737E-10
778.22,0,-1.27853E-10,9.73109E-10,1.46118E-10,3.28765E-10
778.82,-1.2443E-09,-6.95727E-10,-1.70703E-09,2.38012E-10,3.66172E-11
779.43,5.14034E-10,1.28579E-10,9.78636E-10,9.18422E-11,-1.46948E-10
780.04,-3.67856E-10,-3.1285E-10,-1.22559E-09,-1.2882E-10,-1.34955E-10
780.65,-4.42473E-10,-7.37859E-11,1.71989E-09,1.10679E-10,2.0906E-10
781.25,-1.10789E-09,1.1085E-10,1.10735E-09,-4.61873E-10,4.92665E-11
781.86,2.96223E-10,-1.85241E-11,-8.63563E-10,-7.40964E-11,-7.40964E-11
782.47,-5.93789E-10,-5.56983E-11,-3.70937E-10,9.28305E-11,4.95096E-11
783.08,2.23066E-10,3.71981E-11,-3.34437E-09,-1.67392E-10,8.67957E-11
783.69,1.11786E-09,-9.32063E-11,-3.72439E-10,-9.32063E-11,-2.4855E-11
784.29,5.97422E-10,-5.6039E-11,0,-3.73594E-11,4.98125E-11
784.90,2.24382E-10,5.61263E-11,1.74434E-09,1.87088E-10,4.989E-11
785.51,1.04907E-09,7.49746E-11,1.7476E-09,-3.74873E-11,-9.99662E-11
786.12,-1.4261E-09,1.31424E-10,4.25121E-09,3.37946E-10,5.00661E-11
786.73,-9.02404E-10,1.88104E-11,3.75818E-10,-2.44535E-10,7.52416E-11
787.34,3.76494E-09,0,5.01747E-10,-2.07185E-10,-1.8835E-10
787.94,9.046E-10,-2.07418E-10,-1.75809E-09,1.69706E-10,-2.38845E-10
788.55,-1.05711E-09,-3.77748E-11,6.28928E-10,9.4437E-11,-1.25916E-11
789.16,4.0387E-09,7.48317E-11,9.96723E-10,1.21602E-09,2.49439E-11
789.77,8.29471E-10,0,0,-9.43098E-11,-5.02986E-11
790.38,0,-4.94118E-10,-1.01252E-09,-1.14027E-10,-2.40724E-10
790.99,-2.29467E-10,-2.29593E-10,1.27419E-09,-3.06124E-10,5.10206E-11
791.60,-3.08001E-10,-2.88909E-10,-2.56542E-10,-1.15564E-10,3.85212E-11
792.20,-1.55164E-10,0,-5.29885E-09,-3.88123E-11,2.58749E-11
792.81,2.10774E-09,-3.90536E-10,2.60088E-09,5.85804E-10,9.1125E-11
793.4229238,1.41376E-09,-1.17878E-10,-2.61679E-10,-2.35755E-10,-1.30975E-11
